Id,q1,q2,q3,q4,q5,q6,q7,q8,q9,q10,Marks
8238   ,1,2,0,0,0,6,0,0,0,0,9
8877   ,1,2,0,4,0,0,0,0,0,0,7
9151   ,1,2,3,0,0,6,0,0,0,0,12
12792   ,0,2,0,4,5,0,0,0,0,0,11
8356   ,1,2,0,4,0,0,0,0,0,10,17
8457   ,1,0,3,4,0,6,0,0,0,0,14
9068   ,0,2,0,0,0,0,0,8,0,0,10
10026   ,1,2,3,0,0,0,0,8,9,10,33
8513   ,1,2,3,4,5,6,0,0,9,0,30
8942   ,1,2,3,4,0,0,7,0,9,10,36
8881   ,1,2,3,0,0,6,7,0,9,0,28
12539   ,1,2,3,0,5,6,7,0,9,0,33
10430   ,1,2,3,4,5,0,0,8,9,0,32
8451   ,0,2,3,0,0,6,7,8,9,0,35
8446   ,1,2,3,4,5,6,0,0,9,0,30
9061   ,1,2,3,4,0,6,7,0,9,0,32
9579   ,1,2,3,4,0,6,0,8,0,10,34
8141   ,1,2,3,0,5,6,7,8,0,0,32
8420   ,1,2,3,4,0,6,0,8,9,0,33
8537   ,1,2,3,4,0,0,7,8,0,0,25
11873   ,1,2,3,4,5,6,0,0,0,0,21
9744   ,1,2,0,0,0,0,0,0,9,10,22
8693   ,1,2,0,4,5,0,7,8,0,10,37
9907   ,1,0,3,0,5,0,7,8,0,10,34
8147   ,1,0,0,0,0,0,7,8,0,0,16
8434   ,0,0,0,4,0,0,0,8,0,0,12
11331   ,1,0,0,0,0,6,0,0,0,10,17
9123   ,1,2,3,4,5,0,0,0,0,0,15
9730   ,1,2,3,4,0,6,0,0,0,0,16
12620   ,1,0,0,0,5,0,7,0,0,0,13
8708   ,1,0,0,0,0,0,0,8,0,0,9
9069   ,1,2,3,4,0,0,0,0,0,10,20
8415   ,1,2,3,4,5,0,7,8,0,0,30
8879   ,1,2,3,4,5,6,0,8,0,0,29
9962   ,0,2,0,0,5,6,0,0,0,0,13
9395   ,1,2,3,4,5,6,7,0,9,10,47
9110   ,1,2,3,4,5,6,7,8,9,0,45
9393   ,0,0,3,0,5,0,0,0,9,0,17
9703   ,1,2,0,4,0,6,7,8,9,10,47
8229   ,1,2,3,4,5,0,0,8,9,10,42
12522   ,1,2,3,0,0,6,0,0,0,0,12
12562   ,1,0,0,0,5,0,7,0,0,0,13
12595   ,1,2,3,4,5,0,7,8,0,10,40
12797   ,0,0,3,0,5,6,0,8,0,10,32
11412   ,1,2,3,4,0,6,7,8,9,0,40
9371   ,1,2,3,4,5,6,0,0,9,0,30
11804   ,1,2,0,0,5,6,7,0,9,0,30
12896   ,0,0,3,0,5,0,7,8,0,10,33
11130   ,1,2,3,4,0,6,7,8,9,0,40
8919   ,0,0,0,4,5,0,0,8,9,10,36
9709   ,1,0,0,4,0,6,7,0,0,10,28
11410   ,0,2,3,0,0,6,7,0,9,10,37
12787   ,1,0,3,4,5,6,7,8,0,0,34
8681   ,1,2,3,4,5,0,7,8,0,0,30
9943   ,1,2,3,4,0,0,0,8,0,0,18
9960   ,1,2,0,0,0,6,0,8,9,0,26
8202   ,0,0,3,4,5,6,7,0,0,0,25
12626   ,1,2,3,4,0,6,0,0,0,10,26
8219   ,1,0,3,0,0,6,0,0,0,0,10
8883   ,0,0,3,0,5,6,0,0,9,10,33
8854   ,1,2,3,4,0,6,7,8,0,10,41
12874   ,1,2,3,4,5,0,0,0,9,10,34
9118   ,1,2,0,0,0,0,7,0,9,10,29
9575   ,1,0,0,0,0,0,7,0,0,10,18
10382   ,1,2,3,0,0,6,0,0,9,10,31
12753   ,1,2,3,4,5,6,7,0,9,0,37
10138   ,0,0,0,4,0,0,0,0,0,10,14
9456   ,1,2,0,0,5,6,0,8,9,0,31
8653   ,1,2,3,4,5,6,0,0,0,10,31
11406   ,0,2,3,4,5,0,0,8,9,0,31
9425   ,0,2,0,0,0,0,7,0,9,10,28
11450   ,1,0,0,4,0,0,0,0,0,10,15
9755   ,1,2,0,0,5,0,7,8,9,0,32
8470   ,1,2,3,4,0,0,7,8,9,0,34
9732   ,1,2,0,0,5,6,7,8,9,0,38
10001   ,1,2,3,4,0,6,7,0,0,10,33
8431   ,1,2,3,4,5,6,0,0,9,0,30
9023   ,1,0,3,4,5,0,7,8,9,0,37
10347   ,1,2,3,4,5,6,7,0,0,10,38
9552   ,1,0,3,0,5,0,7,0,9,10,35
9729   ,0,0,0,4,0,6,7,0,0,10,27
8272   ,1,2,3,0,0,6,0,8,0,10,30
9431   ,1,2,3,0,5,0,0,8,9,10,38
12512   ,1,2,3,0,5,6,7,0,9,0,33
8489   ,1,2,3,0,5,6,7,8,9,0,41
9923   ,1,0,0,0,0,0,7,8,9,10,35
9817   ,1,2,3,4,0,6,7,0,0,10,33
9936   ,1,2,3,0,5,0,7,0,9,10,37
10154   ,1,2,0,0,0,0,7,0,0,10,20
8135   ,1,0,3,0,0,0,7,0,9,10,30
8902   ,1,0,0,4,0,0,0,8,9,10,32
11084   ,1,2,3,0,5,6,7,0,0,10,34
11166   ,1,0,3,4,0,6,7,8,9,0,38
12810   ,1,2,3,4,5,6,7,0,0,0,28
9074   ,1,0,3,4,0,6,7,0,0,10,31
12800   ,1,0,0,0,5,6,7,0,0,10,29
9596   ,1,0,0,4,0,6,7,8,0,10,36
9961   ,1,2,3,0,5,6,0,0,9,10,36
10194   ,1,2,3,4,5,6,0,0,9,0,30
8678   ,1,2,3,0,5,6,7,8,0,10,42
8522   ,1,0,0,0,5,6,7,8,0,10,37
9711   ,1,0,3,4,5,6,0,0,9,10,38
8934   ,1,0,3,0,5,6,7,8,0,0,30
9904   ,1,2,3,4,5,0,7,8,9,10,49
9928   ,1,2,3,0,0,6,7,8,9,10,46
11448   ,1,2,3,0,5,0,7,0,0,0,18
8468   ,1,2,0,4,5,6,7,0,9,10,44
11341   ,1,0,3,4,0,6,7,8,9,10,48
8703   ,1,2,3,4,5,6,0,0,0,10,31
9404   ,1,2,0,4,5,0,7,0,9,0,28
8385   ,1,2,3,4,5,6,0,0,9,0,30
8887   ,1,0,3,4,5,6,0,8,9,0,36
10451   ,1,2,0,0,5,0,0,8,9,10,35
8761   ,1,2,3,4,5,0,7,0,0,10,32
10162   ,1,2,0,0,0,0,7,8,0,10,28
11163   ,1,2,0,4,5,0,7,8,9,0,36
11857   ,1,2,3,4,0,0,7,8,9,0,34
12771   ,0,0,3,0,0,6,7,0,9,10,35
9814   ,0,2,3,4,0,6,7,0,0,10,32
8333   ,1,0,3,0,5,6,7,0,9,10,41
12820   ,1,2,0,0,0,0,0,0,0,10,13
12604   ,1,2,3,4,5,0,0,8,9,10,42
11899   ,1,2,3,4,5,6,0,8,9,10,48
11436   ,1,2,0,4,0,6,0,8,9,10,40
10022   ,1,0,0,0,0,0,7,0,9,0,17
9519   ,1,0,3,0,0,6,7,0,0,0,17
11139   ,0,0,0,0,0,6,7,0,0,0,13
11082   ,0,0,3,0,0,0,0,0,0,10,13
8196   ,1,2,0,0,0,0,0,8,0,0,11
10413   ,1,2,0,0,0,6,0,8,0,0,17
8651   ,1,2,0,0,0,0,7,0,0,0,10
8661   ,0,2,0,4,5,0,0,8,0,0,19
8134   ,1,2,3,4,5,0,0,0,9,10,34
8868   ,1,2,3,4,0,6,0,8,0,10,34
9758   ,1,2,3,4,5,0,0,8,9,0,32
8347   ,0,2,0,4,0,6,7,8,9,0,36
8374   ,1,2,3,0,5,0,7,0,9,10,37
11072   ,0,2,3,0,5,6,0,8,0,10,34
12518   ,1,2,0,4,5,0,0,8,0,10,30
8922   ,1,2,3,4,0,0,7,8,0,10,35
9414   ,1,2,3,4,0,6,7,8,0,0,31
8946   ,1,2,3,4,5,0,0,8,0,10,33
9780   ,1,2,3,4,5,6,0,8,9,0,38
10153   ,1,2,3,4,5,6,7,0,0,10,38
8438   ,1,2,0,4,0,0,7,0,0,10,24
8698   ,0,0,0,0,0,0,0,8,0,10,18
8723   ,1,2,3,4,0,6,0,0,9,0,25
9359   ,1,2,3,4,0,0,7,8,9,0,34
9403   ,1,2,0,0,5,6,7,8,0,0,29
11431   ,1,2,3,0,5,0,0,0,0,0,11
12567   ,1,0,0,4,0,0,0,0,0,10,15
9776   ,0,0,0,4,0,0,7,0,0,0,11
8706   ,0,2,0,4,0,6,7,0,0,0,19
11067   ,1,2,0,0,0,0,0,8,0,0,11
10023   ,1,0,0,0,0,0,0,0,0,10,11
9381   ,0,0,0,4,0,6,0,0,9,0,19
9982   ,1,0,0,4,0,6,0,0,9,0,20
8274   ,1,2,3,0,0,6,7,0,0,10,29
8436   ,1,0,0,0,5,6,0,8,9,0,29
9029   ,1,2,0,0,5,0,0,0,9,0,17
9941   ,1,2,3,4,0,6,7,8,9,10,50
8234   ,1,2,3,0,0,6,7,8,9,10,46
8674   ,1,0,0,0,0,0,0,8,9,0,18
9548   ,1,2,3,4,5,6,7,8,9,0,45
11379   ,1,2,3,4,5,0,7,0,9,10,41
8700   ,1,2,0,0,0,0,0,0,9,0,12
10337   ,1,0,3,4,5,0,0,0,0,0,13
9385   ,1,2,3,4,5,6,7,0,9,0,37
11343   ,1,0,3,4,5,6,0,0,0,10,29
9445   ,1,2,3,4,5,6,7,8,0,0,36
11152   ,1,2,0,0,0,0,7,8,0,10,28
10354   ,1,2,0,4,5,6,0,0,9,10,37
8213   ,1,2,3,4,5,0,0,8,9,0,32
11846   ,0,0,0,0,5,6,0,8,9,0,28
12760   ,1,2,3,4,0,6,0,8,0,10,34
9084   ,1,2,3,4,0,0,0,8,9,10,37
10342   ,1,2,0,4,0,6,0,8,9,0,30
11118   ,1,2,3,4,5,6,0,0,9,10,40
11415   ,0,0,0,4,5,0,7,8,9,0,33
11827   ,1,2,0,4,0,6,0,0,0,0,13
9334   ,0,0,3,0,0,0,0,0,9,10,22
12887   ,1,0,0,0,5,6,7,0,0,0,19
12578   ,1,2,0,4,0,6,0,8,0,0,21
10202   ,1,2,3,0,5,0,0,0,0,0,11
9767   ,1,0,3,4,0,6,7,0,0,10,31
9781   ,1,2,3,4,0,0,0,8,0,10,28
8928   ,1,2,0,4,5,6,7,8,0,0,33
9631   ,1,2,3,4,0,6,7,8,0,0,31
8460   ,0,2,0,4,5,0,0,0,0,0,11
10189   ,0,0,3,0,5,6,0,0,9,10,33
12852   ,1,2,3,0,0,6,0,0,9,10,31
9370   ,1,2,0,0,0,0,7,0,0,0,10
8640   ,1,0,3,0,5,6,0,8,0,10,33
12825   ,0,0,3,4,5,0,0,0,9,10,31
9356   ,1,2,3,0,5,0,0,8,0,10,29
9702   ,1,2,3,4,5,6,0,8,9,0,38
10014   ,1,2,3,0,5,0,0,0,0,0,11
11191   ,1,2,3,4,5,0,0,0,9,10,34
10454   ,1,0,0,4,5,6,0,8,9,0,33
11383   ,1,2,3,4,5,0,7,8,9,0,39
12862   ,1,0,0,4,0,6,7,0,9,10,37
12552   ,0,2,3,4,5,6,7,8,0,0,35
12755   ,1,2,3,4,5,0,7,8,0,10,40
9595   ,0,0,0,0,0,0,7,8,9,10,34
8450   ,1,0,3,4,5,0,7,0,9,0,29
12618   ,1,2,3,4,5,6,7,0,0,10,38
9367   ,1,2,3,4,0,6,0,8,0,10,34
10427   ,1,0,3,4,5,0,7,0,9,0,29
12529   ,1,0,3,4,0,6,7,0,0,10,31
8743   ,1,2,0,4,5,6,7,8,0,0,33
11060   ,1,2,0,4,0,6,7,8,0,10,38
9997   ,1,2,3,4,5,6,7,8,0,0,36
9794   ,0,2,3,4,0,0,7,0,9,10,35
8944   ,0,2,0,0,5,0,0,8,0,0,15
10193   ,1,2,3,4,5,0,0,8,0,10,33
9115   ,1,2,3,4,5,6,0,8,0,0,29
9623   ,1,0,3,0,0,6,7,0,0,10,27
10392   ,1,2,0,0,5,0,0,8,9,10,35
12544   ,1,2,3,4,5,6,0,0,0,10,31
12559   ,1,2,3,0,0,0,7,8,9,0,30
12860   ,1,2,3,4,5,6,7,0,0,10,38
9690   ,1,2,3,4,0,0,0,8,0,10,28
12864   ,1,0,0,0,0,0,0,8,9,10,28
10340   ,1,2,0,0,5,6,7,0,9,0,30
10443   ,1,2,0,4,5,0,0,8,9,10,39
9910   ,1,2,3,4,5,0,0,8,9,10,42
12574   ,1,2,3,4,5,6,7,0,0,10,38
12556   ,1,2,0,4,5,6,0,0,9,10,37
11335   ,1,2,3,4,5,6,7,0,0,10,38
12606   ,1,2,3,4,5,6,7,8,9,0,45
9454   ,1,0,3,4,5,0,7,0,0,0,20
9773   ,1,2,3,4,5,6,7,8,9,0,45
9762   ,1,2,3,0,5,0,7,8,9,10,45
9976   ,1,2,3,4,5,0,0,8,9,0,32
8154   ,1,2,3,4,5,6,7,0,9,0,37
8263   ,1,0,3,0,0,6,0,0,9,10,29
8734   ,1,0,3,4,0,6,0,0,9,10,33
9420   ,1,0,3,4,5,6,7,8,9,0,43
9778   ,1,0,0,4,0,6,7,8,9,0,35
9351   ,1,2,3,4,5,0,0,8,9,0,32
11116   ,1,2,3,0,5,0,0,0,9,10,30
11832   ,1,2,3,4,5,0,0,0,9,10,34
12763   ,1,2,0,0,0,6,7,0,9,10,35
8541   ,1,2,3,0,5,6,0,0,9,10,36
8663   ,0,2,3,0,5,6,0,0,9,10,35
11398   ,0,2,3,0,5,0,0,0,0,0,10
10157   ,1,2,3,4,5,6,0,8,0,10,39
8724   ,1,2,0,4,5,0,0,8,9,10,39
10426   ,1,2,3,4,5,6,7,8,9,0,45
9572   ,1,0,3,0,0,6,0,0,0,0,10
12830   ,1,2,0,4,5,0,7,0,0,0,19
8837   ,1,0,3,0,0,0,0,0,0,10,14
12526   ,1,2,0,0,5,0,0,0,0,0,8
8267   ,0,0,0,0,0,6,0,0,9,0,15
8704   ,0,2,0,0,0,0,7,0,9,0,18
9518   ,1,2,3,0,0,0,0,0,9,0,15
10336   ,1,2,3,0,0,6,7,0,0,0,19
12837   ,1,2,3,4,0,0,0,8,9,10,37
11169   ,0,2,3,4,0,6,0,8,9,10,42
8188   ,1,0,0,0,0,6,7,0,9,10,33
11359   ,1,2,3,4,5,0,7,8,9,0,39
9906   ,1,2,0,4,5,6,0,8,0,10,36
11865   ,0,2,3,4,0,6,7,0,0,10,32
9963   ,1,2,0,4,5,6,0,8,9,0,35
9071   ,1,0,3,0,5,0,7,0,9,10,35
12527   ,1,2,0,4,5,0,7,8,0,10,37
9799   ,1,2,3,4,5,6,7,8,0,0,36
12849   ,1,2,3,4,0,6,0,8,0,10,34
9937   ,1,2,3,4,5,0,7,0,9,0,31
8317   ,1,2,0,0,5,0,7,0,9,0,24
11816   ,1,2,3,0,0,6,0,0,9,0,21
10375   ,1,2,0,0,0,0,7,0,9,0,19
8835   ,1,2,3,4,5,6,7,0,9,0,37
9139   ,1,2,3,4,0,0,0,8,9,10,37
11855   ,0,0,3,0,5,0,0,8,0,0,16
12590   ,1,2,0,0,0,0,0,0,9,0,12
8892   ,1,0,0,4,5,0,0,0,0,0,10
11893   ,1,0,0,4,5,6,0,0,0,0,16
11833   ,1,0,3,0,0,0,0,8,0,0,12
10345   ,0,2,0,0,0,0,0,0,0,10,12
9098   ,1,0,3,0,0,0,7,0,9,0,20
8286   ,1,2,0,0,0,0,0,8,0,0,11
11112   ,1,0,0,4,5,6,7,0,0,10,33
9903   ,1,2,3,4,0,0,0,8,0,10,28
8308   ,0,2,0,4,0,0,7,0,0,0,13
9435   ,1,2,3,4,5,6,0,8,9,10,48
11332   ,1,2,3,4,5,6,7,0,9,10,47
12548   ,0,2,3,0,0,6,7,0,0,0,18
9389   ,1,2,0,4,0,6,7,0,9,10,39
8501   ,1,2,3,4,5,6,7,0,9,10,47
9617   ,1,2,3,0,5,0,0,0,0,0,11
11135   ,1,2,0,0,5,0,7,0,0,0,15
10368   ,1,2,3,4,5,6,0,0,0,10,31
8199   ,1,0,3,0,5,6,7,0,9,0,31
8266   ,1,2,3,4,5,6,0,8,0,0,29
8950   ,1,2,3,0,5,6,0,0,9,10,36
9092   ,1,2,0,4,5,6,7,0,0,10,35
9510   ,1,2,3,4,5,6,7,0,9,0,37
9991   ,1,2,3,4,5,0,7,8,0,0,30
8456   ,1,2,0,0,5,6,7,0,0,10,31
9366   ,1,2,3,4,5,6,7,0,9,0,37
11149   ,1,2,0,0,5,0,7,8,0,10,33
8306   ,1,2,0,4,5,6,7,0,0,10,35
9506   ,1,2,3,4,5,0,7,0,9,0,31
8746   ,1,2,0,4,0,0,0,0,9,0,16
12523   ,1,2,0,4,5,0,0,8,0,0,20
12828   ,1,0,0,0,0,0,7,0,0,10,18
9728   ,1,2,0,0,5,6,0,0,0,10,24
11091   ,1,0,3,0,0,6,0,0,0,10,20
8411   ,1,2,3,4,0,6,0,8,9,0,33
9082   ,1,2,3,4,0,6,0,8,0,0,24
10373   ,1,2,3,0,5,6,7,8,0,0,32
9752   ,1,2,0,4,5,6,7,0,0,10,35
9965   ,1,2,0,4,0,6,0,0,0,0,13
11154   ,1,2,3,4,5,6,7,0,0,0,28
9584   ,1,2,0,0,5,6,7,8,0,0,29
9101   ,1,2,3,0,0,6,7,0,0,0,19
11442   ,1,2,3,0,0,0,0,8,9,10,33
12545   ,1,2,3,4,5,6,7,0,0,0,28
8652   ,1,0,3,4,5,6,7,8,0,0,34
8515   ,0,2,0,4,5,6,7,8,0,0,32
9607   ,0,0,0,4,0,0,0,0,9,0,13
10125   ,0,0,3,4,0,0,7,8,0,10,32
11392   ,1,2,3,0,5,6,0,0,0,10,27
11109   ,1,2,0,4,5,6,0,0,9,10,37
8253   ,1,2,0,4,0,6,7,8,9,0,37
8936   ,1,2,3,4,5,6,0,8,9,0,38
9566   ,1,2,3,4,0,0,7,0,9,10,36
9638   ,1,2,3,4,0,6,7,8,0,10,41
8533   ,0,0,3,4,5,6,7,0,9,0,34
10438   ,0,0,0,0,5,0,7,0,9,10,31
11058   ,1,2,3,0,5,6,0,8,0,10,35
11394   ,1,2,3,4,0,6,7,0,9,0,32
8432   ,1,2,0,4,5,6,7,0,9,0,34
9035   ,1,2,0,0,5,6,7,8,0,10,39
9760   ,1,2,3,4,5,6,7,0,0,10,38
8365   ,1,2,3,4,5,6,0,0,0,10,31
9914   ,1,2,3,0,0,0,0,0,9,10,25
8855   ,1,0,3,4,0,6,0,0,0,0,14
11376   ,0,2,3,0,5,6,0,8,0,10,34
9987   ,1,2,3,0,5,6,0,0,9,0,26
9581   ,1,2,0,4,5,0,0,0,9,10,31
9052   ,1,0,3,4,5,0,7,8,0,0,28
8190   ,0,0,3,0,0,6,7,0,9,10,35
11428   ,1,2,0,0,5,0,7,0,9,10,34
8270   ,1,0,3,4,5,6,0,8,0,10,37
9951   ,1,2,3,4,5,6,7,8,0,0,36
9132   ,1,2,3,4,5,0,7,0,9,0,31
12768   ,1,2,0,0,5,6,0,8,9,0,31
9094   ,1,0,0,0,0,6,7,8,9,0,31
9083   ,0,2,0,4,5,6,7,0,0,10,34
9102   ,1,2,0,4,0,0,7,8,9,0,31
9772   ,1,2,3,4,5,0,0,8,9,0,32
9625   ,1,2,0,4,0,6,7,8,9,10,47
10363   ,1,2,3,4,5,6,7,0,9,10,47
8163   ,0,0,3,4,5,6,0,0,0,0,18
9028   ,1,2,3,4,0,6,0,8,9,10,43
12900   ,1,2,0,4,5,6,7,8,0,10,43
8845   ,0,0,0,4,0,6,7,0,9,10,36
8359   ,1,0,0,4,0,6,0,8,0,10,29
11890   ,1,2,3,4,0,6,0,0,9,10,35
12844   ,1,0,0,0,5,6,7,8,0,10,37
8916   ,1,2,0,0,0,6,7,8,0,10,34
10216   ,1,2,0,4,5,6,7,0,0,10,35
8321   ,1,2,3,0,5,6,0,8,9,0,34
9096   ,1,2,0,4,0,6,7,0,9,10,39
11361   ,1,2,3,4,0,6,7,8,9,0,40
12521   ,0,2,0,0,5,0,7,0,9,10,33
8531   ,1,2,3,4,0,6,7,0,9,0,32
12623   ,1,0,3,4,5,6,7,0,0,10,36
8709   ,0,0,3,4,0,0,0,8,0,0,15
9971   ,1,2,3,0,5,0,0,8,9,10,38
10398   ,1,2,3,4,5,6,0,8,9,0,38
8536   ,1,2,3,0,5,6,7,0,9,10,43
8225   ,1,2,0,0,0,6,0,8,0,0,17
11177   ,1,0,3,4,5,0,0,0,0,0,13
12547   ,1,2,0,0,0,0,0,8,0,0,11
8312   ,0,2,0,0,5,0,0,0,0,10,17
9818   ,0,0,3,0,0,0,7,0,0,0,10
10017   ,1,2,0,0,0,0,0,0,0,10,13
11449   ,0,2,0,0,5,6,0,0,0,0,13
11105   ,1,2,0,4,0,6,0,0,0,0,13
8371   ,1,2,0,4,5,6,7,0,9,0,34
11807   ,1,2,0,0,5,6,7,0,9,0,30
9149   ,1,2,3,4,5,6,0,8,9,0,38
12615   ,1,2,3,4,0,0,0,8,9,10,37
10119   ,1,2,3,4,5,6,0,0,9,0,30
8686   ,1,2,0,4,0,6,7,0,9,0,29
10470   ,1,2,3,4,5,6,7,8,0,0,36
8387   ,1,2,3,0,5,0,7,0,9,0,27
10009   ,1,2,0,4,0,6,7,0,9,0,29
9535   ,1,2,0,4,5,6,0,8,0,10,36
10471   ,1,2,3,4,5,6,0,8,0,10,39
12869   ,1,2,3,4,5,6,0,0,9,0,30
8695   ,0,2,0,4,0,0,7,0,9,0,22
8503   ,1,2,0,4,0,0,7,8,0,0,22
9736   ,1,0,3,4,5,0,0,0,9,0,22
11400   ,1,2,3,4,0,6,0,8,9,0,33
12533   ,0,2,0,4,5,6,7,8,0,10,42
12568   ,0,0,0,4,0,0,0,0,0,10,14
9520   ,1,0,0,0,0,6,7,0,0,0,14
8143   ,0,2,0,0,0,0,0,0,9,0,11
11356   ,1,2,0,4,5,0,0,8,0,0,20
8487   ,1,2,3,0,0,0,0,0,0,10,16
8367   ,0,0,0,4,0,0,0,0,0,10,14
12530   ,1,0,0,0,0,0,0,0,9,0,10
10139   ,1,2,0,0,0,0,0,0,9,0,12
11147   ,1,2,3,4,5,0,0,8,9,0,32
8477   ,0,2,3,0,5,6,0,8,9,0,33
8512   ,1,0,3,0,5,0,7,0,0,0,16
8671   ,1,2,3,4,5,6,0,8,9,10,48
11844   ,1,2,3,4,0,6,7,8,9,10,50
9544   ,1,2,3,0,5,0,0,0,0,0,11
9787   ,1,2,3,4,5,6,0,8,9,0,38
11339   ,1,2,3,4,5,6,7,0,9,10,47
8849   ,0,0,0,0,0,0,0,0,0,10,10
9527   ,1,2,0,0,5,0,0,0,9,0,17
8383   ,1,2,0,0,5,6,0,0,9,10,33
8207   ,1,2,3,4,5,0,0,8,9,0,32
8748   ,1,2,3,4,0,6,7,0,9,0,32
9133   ,1,2,0,0,5,6,7,0,0,10,31
8344   ,1,2,3,4,0,6,7,0,9,0,32
9354   ,1,2,3,4,5,6,7,0,9,0,37
8169   ,1,2,0,4,5,0,0,8,9,0,29
10432   ,1,2,3,0,0,6,7,0,0,10,29
8483   ,1,2,3,0,5,0,7,8,9,0,35
9411   ,1,2,3,4,5,6,7,0,0,0,28
10467   ,1,2,3,4,5,6,0,0,9,0,30
12831   ,1,2,3,4,5,6,0,8,0,10,39
11144   ,1,2,3,0,0,0,0,0,9,0,15
8156   ,1,0,3,0,0,0,7,0,0,10,21
9641   ,1,0,3,0,5,6,0,0,0,10,25
8521   ,1,2,0,0,5,6,0,8,0,0,22
8414   ,1,0,0,4,5,0,0,8,0,0,18
9080   ,1,2,3,4,5,6,0,0,0,10,31
10204   ,1,2,3,4,5,6,7,8,0,0,36
8260   ,1,2,3,4,0,6,0,8,9,0,33
8362   ,1,2,0,4,5,0,0,0,9,10,31
8713   ,1,2,0,0,0,0,7,0,0,0,10
10365   ,1,0,0,0,5,6,7,8,9,0,36
9735   ,1,2,3,0,5,6,7,8,0,0,32
11353   ,1,0,0,0,0,0,0,0,0,10,11
8150   ,0,0,3,4,0,0,7,8,9,0,31
11906   ,1,2,3,4,0,0,7,0,9,0,26
12621   ,1,2,3,0,0,6,0,8,9,0,29
9377   ,1,2,3,4,5,6,7,8,0,0,36
9121   ,1,0,0,4,0,0,0,0,9,0,14
9551   ,1,2,0,0,5,0,7,0,9,10,34
8740   ,1,2,3,0,5,6,7,0,0,10,34
11868   ,1,0,3,0,5,6,7,0,9,0,31
9973   ,1,0,3,4,5,6,0,0,9,0,28
9614   ,1,2,0,4,5,0,7,8,9,0,36
9764   ,1,2,3,4,5,6,0,8,9,0,38
8443   ,1,2,3,4,5,6,7,8,0,0,36
9606   ,1,2,3,4,5,0,7,8,0,10,40
8376   ,1,2,3,4,5,0,0,8,9,0,32
9957   ,1,0,3,0,5,6,7,0,9,0,31
10130   ,1,2,3,4,0,0,7,0,0,10,27
10385   ,1,2,3,0,0,6,0,0,9,10,31
8913   ,1,2,3,4,0,6,0,8,9,0,33
11824   ,1,0,3,0,5,0,7,8,9,0,33
9927   ,1,2,3,4,5,0,0,8,9,0,32
8672   ,1,2,3,4,0,6,0,8,9,0,33
9340   ,1,0,0,0,0,0,0,0,9,0,10
9620   ,1,0,0,4,0,6,7,8,9,0,35
8244   ,1,2,3,4,0,0,0,8,9,0,27
11180   ,0,2,0,4,0,0,0,8,9,10,33
9931   ,0,2,0,0,5,0,7,8,9,0,31
11896   ,1,2,3,4,5,6,7,8,0,0,36
8310   ,1,2,3,0,0,6,0,8,9,10,39
9532   ,1,2,3,4,5,0,0,8,0,10,33
10000   ,0,0,3,0,5,6,7,8,9,0,38
12580   ,0,2,3,4,5,6,7,0,0,10,37
11437   ,1,2,3,4,0,0,7,0,9,10,36
11145   ,1,0,3,4,0,0,7,8,9,0,32
12833   ,1,2,3,0,5,0,7,8,0,10,36
9803   ,1,0,0,4,5,6,7,0,0,10,33
8898   ,1,2,3,4,0,6,0,8,9,0,33
8543   ,1,2,3,4,5,6,0,8,9,10,48
11823   ,1,2,3,4,5,6,7,8,9,0,45
8400   ,1,2,3,4,0,0,0,8,0,0,18
8638   ,1,2,3,4,5,6,7,8,9,0,45
12809   ,1,0,3,4,5,6,7,0,9,10,45
12609   ,1,0,3,0,5,6,7,0,9,0,31
9777   ,0,0,3,4,5,0,7,0,0,10,29
11121   ,1,2,3,4,5,6,7,0,9,0,37
12861   ,1,2,3,4,0,0,7,0,9,0,26
9757   ,1,2,3,0,5,0,7,0,9,10,37
8860   ,1,2,3,0,5,0,7,8,9,0,35
11054   ,1,0,0,0,0,6,7,8,0,10,32
11132   ,1,2,3,4,5,0,7,0,9,0,31
9816   ,0,2,3,0,5,0,7,0,9,10,36
11884   ,0,2,3,4,0,0,7,0,9,10,35
11886   ,0,2,3,4,0,0,0,8,9,10,36
10165   ,1,2,3,0,5,6,0,8,9,0,34
9450   ,1,0,0,0,0,0,0,0,0,10,11
10400   ,1,2,3,4,0,6,7,0,9,10,42
11872   ,1,2,3,0,5,6,7,0,9,10,43
10417   ,1,2,3,4,5,0,0,8,9,10,42
12560   ,1,0,0,4,0,0,7,0,0,0,12
8690   ,1,0,3,0,0,0,0,0,0,10,14
10350   ,1,0,0,0,0,6,7,0,0,0,14
12880   ,0,2,0,4,5,0,0,8,0,0,19
8337   ,0,0,0,0,0,6,7,0,0,0,13
8532   ,1,2,3,0,5,0,0,0,0,0,11
8182   ,1,2,3,0,0,0,0,8,0,0,14
12879   ,0,2,0,0,5,0,0,0,0,10,17
9925   ,1,2,3,4,5,6,0,0,9,0,30
9600   ,1,2,0,4,5,6,0,0,9,10,37
11063   ,0,2,0,4,0,6,7,0,9,10,38
9335   ,1,2,3,4,0,6,7,0,0,10,33
11175   ,1,2,3,4,5,0,0,8,0,10,33
8466   ,1,2,3,4,5,6,7,0,0,10,38
9635   ,1,2,3,4,5,0,0,8,0,10,33
9766   ,1,0,3,0,0,0,0,8,9,10,31
11889   ,1,0,3,0,0,6,0,8,9,10,37
8398   ,0,2,0,4,5,0,7,8,9,0,35
8471   ,1,2,0,4,0,6,7,8,9,0,37
9440   ,1,2,3,4,0,6,0,0,9,10,35
12601   ,1,2,0,0,0,0,0,0,9,10,22
9049   ,1,2,3,0,5,6,0,0,9,0,26
9507   ,1,2,0,0,5,6,0,0,0,10,24
8699   ,1,2,3,0,5,0,0,8,9,0,28
10112   ,1,2,3,4,5,6,7,8,0,0,36
10185   ,1,0,0,0,5,0,0,8,0,0,14
8193   ,1,0,0,4,5,0,0,8,0,0,18
8648   ,1,2,3,0,0,0,0,8,0,0,14
10212   ,0,2,3,0,5,0,0,8,0,0,18
10449   ,0,0,3,0,0,0,0,0,9,0,12
12867   ,1,2,0,4,0,0,0,0,9,0,16
8496   ,1,2,3,0,5,6,0,0,0,0,17
8248   ,1,0,0,0,0,0,0,8,0,0,9
8886   ,1,2,3,4,5,0,7,0,0,10,32
8861   ,1,0,3,0,0,0,7,8,0,10,29
8753   ,0,2,0,0,0,0,7,0,0,10,19
12780   ,1,0,3,4,5,6,7,8,0,10,44
11140   ,1,2,3,4,5,6,7,8,9,0,45
9391   ,0,0,0,0,0,6,0,0,0,10,16
9386   ,1,2,3,4,5,6,7,0,9,0,37
9591   ,1,2,3,4,0,6,7,8,9,10,50
9503   ,1,2,0,0,0,0,0,0,9,0,12
11159   ,1,2,0,4,0,6,0,0,0,0,13
8839   ,1,2,3,4,5,0,7,0,0,10,32
8927   ,1,0,0,4,5,6,0,8,0,10,34
10343   ,1,2,3,0,0,6,0,0,9,10,31
11348   ,1,2,3,0,5,6,7,8,9,0,41
10435   ,0,2,0,0,5,6,7,8,9,0,37
8437   ,1,2,3,4,5,0,0,8,9,0,32
11902   ,1,2,3,4,0,6,7,8,0,0,31
9811   ,1,0,3,4,5,6,0,8,0,10,37
10378   ,0,2,3,4,5,6,0,8,9,0,37
8731   ,0,0,3,4,5,6,0,8,9,0,35
12543   ,1,2,3,0,5,0,7,8,0,10,36
8711   ,1,2,0,4,0,6,7,8,0,10,38
11156   ,0,0,0,0,5,0,0,0,9,0,14
11405   ,1,2,3,0,0,0,0,0,9,0,15
11096   ,0,2,3,4,0,6,0,0,9,0,24
9466   ,1,2,0,4,5,0,0,0,9,0,21
9815   ,1,2,0,0,0,0,0,0,9,0,12
10203   ,1,2,3,0,5,6,7,0,0,10,34
8905   ,1,2,3,4,5,0,0,8,0,10,33
8677   ,1,0,3,4,0,0,7,0,9,10,34
9349   ,1,2,3,0,0,6,0,8,9,0,29
11433   ,1,2,3,0,0,0,0,0,9,0,15
8518   ,1,2,3,4,5,6,7,0,0,0,28
9522   ,0,0,0,4,5,6,0,8,0,10,33
12822   ,1,0,0,4,0,6,0,0,0,0,11
8735   ,1,2,0,4,5,6,0,0,0,10,28
10465   ,0,2,0,4,5,6,0,8,9,0,34
12784   ,1,0,0,0,0,6,7,8,9,10,41
11386   ,1,2,3,4,5,0,0,8,0,10,33
9040   ,1,0,0,0,0,6,0,0,9,0,16
9934   ,1,2,3,4,5,0,0,8,9,0,32
10353   ,1,2,3,0,5,6,7,0,0,10,34
12576   ,1,2,3,0,0,0,7,0,9,10,32
11841   ,0,0,0,0,5,6,7,8,0,10,36
9111   ,1,2,3,4,5,6,7,8,0,0,36
12764   ,1,2,3,4,0,6,7,8,0,0,31
12793   ,1,2,0,4,0,6,7,8,9,0,37
9374   ,1,2,3,4,0,6,7,0,0,10,33
10172   ,1,2,3,4,5,0,7,8,9,0,39
11881   ,1,2,3,0,0,0,7,8,0,10,31
8305   ,1,2,3,0,5,6,0,8,0,10,35
8368   ,1,0,3,0,5,0,7,8,0,10,34
9704   ,1,2,3,4,5,0,7,0,9,0,31
11869   ,1,2,3,0,0,6,7,8,9,0,36
10359   ,1,2,3,4,5,0,7,8,0,0,30
8453   ,1,2,3,4,0,0,7,8,9,0,34
8465   ,1,2,0,0,0,0,0,0,9,0,12
8454   ,1,2,3,0,5,6,0,8,9,0,34
9967   ,0,2,0,4,0,6,0,8,0,10,30
11186   ,1,2,3,4,5,6,0,0,9,0,30
11192   ,1,2,0,4,0,6,0,8,9,0,30
9127   ,1,0,3,4,0,0,7,8,0,10,33
8151   ,1,2,0,0,0,6,0,0,9,10,28
9627   ,0,2,0,4,5,6,0,8,0,10,35
11810   ,1,2,3,4,0,6,7,0,0,10,33
8843   ,1,2,3,4,5,6,0,8,0,10,39
9726   ,1,2,3,4,5,6,7,8,0,0,36
11851   ,1,2,3,4,5,6,0,8,0,0,29
12868   ,1,0,3,4,0,6,7,8,0,10,39
10462   ,0,2,3,0,0,0,7,0,9,10,31
8391   ,1,0,3,0,0,6,0,8,9,0,27
12541   ,0,0,3,4,5,6,0,8,9,10,45
8349   ,1,2,3,4,0,6,0,8,9,10,43
9048   ,1,0,0,0,0,0,0,8,0,10,19
10474   ,0,2,3,0,0,6,7,8,9,10,45
9737   ,1,0,3,4,5,6,0,8,9,10,46
12791   ,1,2,3,0,0,6,0,8,0,10,30
9153   ,1,2,3,0,5,6,7,8,0,0,32
9791   ,1,2,3,4,5,0,7,0,9,0,31
12553   ,1,2,3,0,0,0,7,8,0,10,31
8232   ,1,2,3,4,0,0,0,8,9,0,27
8382   ,1,0,0,4,0,6,7,8,9,0,35
8828   ,1,0,3,4,5,0,7,8,0,0,28
8200   ,1,2,3,4,5,0,7,0,9,0,31
9344   ,1,2,3,0,0,6,0,8,9,10,39
11837   ,1,0,3,0,0,0,0,8,9,10,31
10005   ,1,0,3,4,5,0,7,8,0,10,38
8180   ,1,0,3,4,5,0,7,8,9,0,37
8888   ,1,0,0,0,0,6,0,0,0,10,17
8363   ,1,2,3,4,5,0,0,8,9,10,42
10150   ,1,2,3,4,0,0,7,8,0,10,35
11344   ,1,2,3,4,0,6,7,8,0,10,41
9640   ,0,2,0,0,0,0,0,0,0,10,12
11866   ,1,2,3,4,0,6,0,0,0,0,16
11088   ,1,0,3,0,0,0,0,0,0,10,14
9984   ,1,0,0,0,0,0,0,0,0,10,11
8278   ,1,2,3,0,0,6,0,0,0,0,12
10411   ,1,0,0,4,0,0,0,8,0,0,13
10170   ,0,0,3,4,0,0,0,0,9,0,16
8644   ,0,0,0,0,0,0,0,0,0,10,10
9089   ,1,0,3,4,5,0,7,0,0,10,30
12612   ,1,2,3,4,0,0,0,0,9,10,29
9144   ,1,2,3,0,0,0,7,8,0,10,31
8269   ,1,2,0,4,5,0,7,8,9,0,36
8755   ,0,0,3,4,5,6,7,8,0,0,33
8683   ,1,2,0,4,5,6,7,0,0,10,35
9525   ,1,0,0,4,5,6,7,8,0,0,31
9612   ,1,0,3,4,5,0,7,0,9,0,29
9644   ,1,2,0,4,5,0,7,0,9,0,28
9970   ,1,2,0,4,0,0,0,8,9,10,34
9530   ,1,2,3,4,0,6,0,0,9,10,35
9693   ,1,0,3,4,0,6,7,0,0,10,31
10199   ,1,0,0,4,5,6,7,0,0,0,23
11182   ,0,0,3,4,0,0,7,0,0,10,24
8721   ,1,0,3,4,0,0,7,0,0,10,25
8945   ,1,2,0,0,5,6,7,0,9,0,30
9974   ,1,2,3,4,0,6,0,8,0,10,34
10007   ,0,2,3,0,0,6,0,0,0,0,11
10020   ,1,2,0,0,0,0,0,0,0,10,13
11087   ,1,0,0,0,5,0,7,0,0,0,13
9126   ,1,0,0,4,0,0,0,8,0,0,13
11374   ,1,0,0,4,5,0,0,0,0,0,10
9109   ,0,2,0,4,0,0,7,0,0,0,13
10144   ,1,0,0,0,0,0,0,8,0,0,9
10176   ,1,2,3,4,5,0,0,0,0,0,15
11064   ,1,2,3,4,0,0,7,0,9,10,36
11106   ,1,0,3,4,0,0,0,8,9,10,35
9056   ,1,0,0,4,5,0,0,0,0,0,10
9406   ,1,2,3,4,5,6,7,8,9,0,45
9041   ,1,2,3,4,5,6,7,8,0,10,46
9077   ,1,0,3,0,0,0,0,0,0,10,14
8907   ,1,2,3,4,0,0,7,8,9,10,44
10168   ,1,2,0,0,5,6,7,8,9,10,48
10371   ,0,0,0,0,0,0,0,0,9,10,19
10008   ,1,2,3,0,0,0,0,0,9,0,15
11100   ,1,0,0,4,5,6,7,0,9,0,32
8493   ,1,2,0,4,0,6,0,0,9,10,32
12840   ,1,2,3,4,0,0,0,8,9,0,27
8159   ,1,2,3,0,0,6,0,0,9,10,31
9145   ,1,2,3,4,5,6,7,8,0,0,36
8834   ,1,0,0,0,0,0,7,8,9,10,35
8241   ,1,2,0,0,0,6,7,8,0,10,34
9930   ,1,2,0,0,0,0,7,8,0,10,28
12774   ,1,2,3,0,5,6,0,0,9,10,36
12892   ,0,0,3,4,5,6,7,0,9,0,34
8442   ,1,2,0,0,0,6,7,8,9,0,33
8685   ,1,2,3,4,5,0,0,8,9,0,32
11862   ,1,2,3,0,0,0,0,0,0,10,16
10384   ,1,2,3,0,0,0,7,0,9,0,22
11854   ,1,2,3,4,0,6,7,0,0,0,23
12806   ,1,0,3,0,0,0,0,8,0,10,22
12863   ,0,0,3,0,5,0,0,8,0,0,16
10177   ,1,2,3,4,5,6,7,8,0,0,36
8430   ,1,2,3,0,5,6,7,8,0,0,32
10423   ,1,0,3,4,5,0,0,8,9,0,30
11080   ,1,2,0,4,5,6,7,0,9,0,34
9968   ,0,0,3,0,0,0,7,0,0,10,20
9463   ,1,2,3,4,0,0,7,0,9,10,36
8302   ,1,2,3,0,5,6,0,0,9,0,26
8221   ,1,0,0,0,5,0,0,8,0,0,14
8510   ,1,0,3,4,0,6,7,0,9,0,30
10011   ,1,2,0,0,0,0,7,0,9,10,29
8144   ,0,0,0,4,5,0,0,0,9,10,28
10409   ,1,2,3,4,5,0,7,0,0,10,32
9513   ,1,2,0,4,0,6,0,0,0,0,13
8379   ,1,0,0,4,0,0,0,0,9,10,24
8328   ,0,0,3,0,5,6,7,8,0,0,29
8901   ,1,0,3,0,5,6,0,0,9,10,34
9700   ,1,0,3,4,0,6,0,8,0,10,32
11876   ,1,2,3,4,0,6,7,0,0,10,33
8668   ,1,2,3,4,5,0,0,0,9,10,34
11907   ,1,2,3,4,0,6,7,0,0,10,33
12817   ,1,2,0,4,0,6,7,0,9,0,29
12902   ,0,2,3,4,0,0,7,8,9,0,33
9148   ,1,2,0,0,5,0,7,8,9,0,32
11809   ,1,2,3,0,5,0,7,8,9,0,35
9694   ,1,0,3,4,5,6,0,8,0,10,37
8160   ,1,2,3,4,0,6,7,0,9,0,32
12785   ,1,2,3,0,5,6,0,8,9,0,34
12889   ,1,2,3,4,0,0,0,0,9,10,29
11382   ,1,2,3,4,5,0,7,0,9,0,31
8680   ,1,0,3,4,0,0,0,8,0,0,16
8742   ,1,2,0,4,5,6,7,0,0,10,35
8732   ,1,0,0,0,0,6,7,8,0,10,32
8862   ,1,2,3,4,0,6,7,8,9,0,40
9409   ,0,2,3,0,0,0,7,8,9,10,39
8137   ,1,2,3,4,5,6,0,8,0,10,39
8176   ,1,2,0,4,5,6,7,8,0,0,33
10160   ,1,2,0,4,5,6,0,0,9,10,37
11859   ,1,0,3,4,5,6,0,0,0,10,29
9569   ,1,2,3,0,5,6,0,8,9,0,34
10401   ,1,2,0,4,5,6,7,8,0,0,33
9442   ,1,2,3,4,5,6,0,8,9,0,38
9347   ,1,2,3,4,5,0,7,0,9,10,41
10105   ,1,0,3,4,0,0,7,0,9,10,34
11076   ,1,2,3,4,0,0,7,0,9,10,36
12592   ,1,2,3,4,5,6,7,0,9,10,47
12586   ,1,2,3,4,5,6,7,8,0,10,46
9790   ,1,2,0,0,0,6,0,0,0,0,9
10329   ,1,2,0,4,5,6,7,0,9,10,44
9954   ,1,2,3,4,5,6,7,8,9,0,45
11110   ,1,2,3,4,0,0,7,8,9,0,34
9597   ,1,2,3,0,5,0,7,0,0,10,28
12572   ,0,0,0,4,0,0,7,0,9,10,30
9119   ,1,2,0,0,0,6,7,8,9,0,33
9585   ,1,2,3,0,5,6,0,8,9,0,34
8525   ,1,2,3,4,5,6,7,8,0,0,36
9113   ,1,2,3,4,5,0,7,0,9,0,31
8716   ,1,2,3,4,5,6,7,0,0,0,28
9628   ,1,2,3,4,5,6,0,8,0,0,29
9399   ,1,2,3,0,5,0,7,0,9,0,27
11409   ,1,2,3,4,5,0,0,8,9,0,32
9802   ,1,0,3,4,5,6,7,0,9,0,35
10117   ,1,0,0,0,0,0,0,8,0,10,19
11416   ,1,0,3,0,5,0,7,8,0,10,34
9448   ,1,2,3,4,5,0,0,8,9,10,42
11445   ,1,2,3,4,5,6,7,0,9,10,47
9555   ,1,2,0,4,5,0,0,0,0,0,12
9033   ,1,2,3,0,0,0,0,8,0,0,14
8481   ,1,0,0,0,5,0,7,0,0,0,13
10171   ,1,2,0,0,0,0,0,8,0,0,11
10115   ,1,0,0,4,5,0,0,8,0,0,18
8645   ,1,0,3,0,5,0,0,8,0,0,17
9978   ,0,0,0,0,0,0,0,0,0,10,10
8931   ,1,0,0,4,0,6,0,0,9,0,20
10132   ,1,2,0,4,5,6,7,0,0,10,35
8128   ,1,2,0,4,0,6,7,0,0,10,30
8131   ,0,2,3,0,5,6,0,8,9,0,33
8246   ,1,2,3,0,0,0,7,8,0,10,31
8255   ,1,2,3,4,0,6,7,0,9,0,32
8665   ,1,2,3,4,5,0,7,8,0,10,40
9917   ,1,2,3,4,5,6,7,0,0,0,28
10174   ,1,2,3,0,5,0,0,8,9,0,28
8910   ,1,2,3,0,0,0,0,8,9,10,33
11454   ,1,2,3,4,5,6,0,8,9,0,38
9432   ,1,0,3,0,0,6,0,8,9,0,27
8440   ,1,2,3,0,5,6,0,8,0,10,35
8373   ,1,2,0,4,5,0,0,0,0,10,22
10142   ,1,0,0,4,0,0,0,8,9,0,22
9402   ,0,0,3,0,5,0,7,8,0,0,23
8636   ,1,0,0,4,5,6,7,0,9,0,32
11078   ,1,2,3,4,5,0,7,8,9,0,39
10457   ,1,2,3,0,0,6,0,0,0,0,12
9042   ,0,2,0,0,5,0,0,8,0,0,15
11903   ,1,2,0,0,0,0,7,0,0,0,10
12877   ,1,0,0,0,0,0,0,8,0,0,9
8727   ,1,0,0,4,5,0,0,8,0,0,18
12575   ,1,0,0,4,5,0,7,0,0,0,17
9104   ,1,2,0,4,0,0,7,0,0,0,14
8370   ,1,0,3,4,5,0,0,0,0,0,13
9472   ,1,2,3,4,5,0,7,0,9,0,31
10197   ,1,2,0,4,5,0,7,0,9,0,28
11074   ,0,0,0,4,0,0,7,0,0,0,11
9387   ,1,2,3,4,5,6,0,8,9,10,48
11124   ,1,2,0,4,5,6,7,8,9,10,52
11137   ,1,0,0,4,0,6,0,0,0,0,11
9142   ,1,2,3,4,5,6,7,8,9,0,45
10209   ,0,2,3,4,5,6,0,8,9,10,47
12883   ,1,2,3,4,0,0,0,0,9,0,19
8396   ,1,2,0,0,0,6,0,0,0,0,9
10033   ,1,2,3,4,5,6,7,0,0,0,28
11395   ,1,2,3,0,5,6,7,0,9,10,43
8655   ,1,2,0,4,0,0,0,8,9,10,34
9706   ,1,2,3,0,5,0,0,8,9,0,28
8738   ,0,2,3,0,5,0,7,0,9,10,36
9031   ,1,2,3,4,5,0,0,8,0,10,33
10182   ,1,2,0,4,0,6,0,0,9,10,32
12804   ,1,2,3,0,0,6,0,8,0,10,30
11861   ,1,2,3,0,5,6,0,8,0,10,35
11878   ,1,0,3,4,5,6,7,0,9,0,35
12794   ,1,2,3,4,5,0,7,0,0,10,32
9742   ,1,2,0,0,5,6,0,0,9,10,33
12897   ,1,2,0,0,0,0,0,0,9,0,12
8223   ,1,2,3,4,5,6,0,0,0,0,21
8170   ,1,2,3,4,5,6,0,0,0,0,21
8498   ,0,2,0,4,5,6,7,0,0,0,24
8830   ,1,2,3,0,5,0,0,0,0,0,11
8925   ,1,2,0,4,0,6,0,8,0,10,31
11895   ,0,2,0,4,5,0,7,8,9,0,35
10421   ,1,2,3,0,0,6,7,0,0,10,29
11819   ,1,2,3,4,5,0,7,0,9,0,31
10148   ,0,2,3,0,0,0,0,0,0,10,15
8236   ,1,2,0,4,0,6,7,8,9,0,37
8405   ,1,0,0,0,5,0,7,8,0,10,31
11393   ,0,0,0,0,5,6,0,0,0,0,11
8353   ,1,2,3,4,5,0,0,8,0,10,33
12846   ,1,2,3,4,5,0,0,0,0,10,25
8377   ,0,2,3,4,5,0,0,8,9,0,31
10414   ,1,0,3,4,5,6,7,0,9,0,35
12855   ,0,0,0,4,5,0,0,0,9,0,18
8435   ,1,2,3,0,5,0,0,8,0,10,29
11189   ,1,2,3,0,5,6,0,8,9,0,34
10460   ,1,2,3,4,0,6,0,0,9,10,35
11424   ,1,0,3,0,0,0,0,8,9,10,31
8547   ,1,0,3,4,5,6,0,0,9,10,38
8325   ,1,2,3,0,5,0,0,8,9,10,38
9057   ,1,2,3,4,5,6,0,8,9,0,38
9059   ,1,2,3,0,5,6,7,0,0,10,34
11101   ,1,2,3,4,5,0,7,0,9,0,31
11892   ,1,2,0,4,5,6,0,0,9,10,37
8181   ,1,2,3,0,5,0,7,8,0,10,36
10027   ,1,2,0,4,0,6,7,0,0,10,30
10346   ,1,2,3,0,0,6,0,0,9,10,31
9358   ,1,2,0,4,0,0,0,8,9,10,34
8185   ,0,0,0,4,5,6,0,0,9,10,34
9980   ,1,2,0,4,5,0,0,8,0,10,30
10473   ,1,2,3,4,5,0,0,0,0,0,15
12824   ,1,2,3,4,5,0,0,8,9,0,32
8281   ,1,0,3,4,5,6,0,0,0,10,29
12555   ,0,2,3,0,0,6,7,8,0,10,36
10377   ,1,2,0,4,5,6,0,8,0,10,36
9130   ,1,2,3,4,5,0,7,0,9,0,31
8637   ,1,2,3,4,5,0,7,8,9,0,39
11842   ,1,2,3,4,5,0,7,0,9,0,31
9336   ,1,2,3,4,0,6,0,8,9,0,33
9462   ,1,2,3,4,5,0,7,0,9,0,31
10201   ,1,0,3,0,5,0,7,8,0,10,34
8865   ,1,2,3,0,5,6,0,8,0,10,35
11363   ,1,2,3,0,5,0,7,0,9,10,37
8687   ,0,0,0,4,5,6,7,8,0,0,30
9740   ,1,2,3,0,5,0,7,0,9,10,37
9911   ,1,2,3,4,5,6,7,8,0,10,46
11402   ,1,0,3,4,0,6,7,8,9,10,48
11438   ,1,0,3,0,5,6,0,0,0,0,15
9331   ,1,2,3,4,5,6,0,8,9,10,48
9561   ,1,0,3,4,5,6,7,0,9,10,45
8478   ,1,2,3,4,5,0,7,0,0,10,32
9916   ,1,2,0,4,0,0,7,0,9,10,33
10331   ,1,2,3,4,5,0,0,8,9,0,32
11829   ,1,0,3,0,0,6,7,0,0,10,27
12815   ,1,2,3,4,5,0,7,8,9,0,39
9749   ,1,0,3,0,0,6,7,0,9,10,36
11369   ,0,2,3,4,5,0,0,8,9,10,41
9717   ,1,2,3,4,0,6,0,8,0,10,34
8138   ,1,2,3,0,0,6,7,0,9,0,28
8184   ,1,0,3,0,5,0,7,8,9,0,33
9341   ,1,2,3,4,5,0,0,8,0,10,33
12857   ,1,2,3,4,5,0,0,8,9,0,32
8318   ,0,2,0,4,5,6,0,0,0,0,17
12885   ,1,2,3,0,5,0,7,8,9,10,45
9994   ,1,2,0,4,5,6,7,8,0,10,43
8409   ,1,2,3,4,5,6,7,0,0,10,38
11095   ,1,2,0,0,0,0,0,0,9,0,12
8949   ,1,2,3,0,0,0,0,8,0,0,14
8424   ,0,0,0,4,5,0,0,0,0,0,9
9417   ,1,0,0,0,0,0,0,0,9,0,10
11085   ,0,2,0,0,0,0,0,8,9,0,19
8422   ,1,0,0,0,0,0,0,8,0,0,9
12891   ,0,0,3,0,0,0,7,0,9,0,19
9045   ,1,2,3,0,5,0,0,0,0,0,11
8658   ,0,0,3,4,5,0,7,0,9,10,38
9577   ,1,0,3,0,5,6,7,0,9,0,31
10109   ,1,0,3,4,0,0,7,8,9,0,32
9796   ,1,2,3,0,5,0,7,0,9,0,27
8506   ,0,2,0,4,0,6,7,0,9,0,28
12777   ,1,2,3,4,0,6,7,0,0,10,33
8930   ,1,2,3,4,0,0,0,0,9,10,29
9505   ,0,0,3,0,5,6,7,8,0,0,29
9106   ,1,2,0,4,0,0,7,8,0,10,32
8417   ,1,2,3,0,5,6,7,8,0,0,32
9379   ,1,2,3,0,5,6,7,0,0,10,34
8331   ,1,2,3,0,5,0,0,0,9,10,30
9805   ,1,2,3,0,0,0,0,8,0,10,24
10332   ,1,0,0,0,5,6,0,0,9,0,21
10215   ,1,2,3,4,5,0,7,0,0,0,22
12803   ,1,2,3,4,5,0,7,0,9,0,31
11909   ,1,2,3,4,5,0,7,8,0,10,40
9975   ,1,2,0,0,0,0,0,8,0,0,11
10391   ,0,2,3,0,0,0,7,0,0,0,12
8257   ,1,2,3,0,0,0,0,0,0,10,16
8167   ,1,0,0,0,5,0,0,0,9,0,15
11838   ,1,0,3,0,0,0,0,0,9,0,13
8863   ,1,2,3,0,0,6,7,0,0,0,19
8853   ,1,2,0,0,0,0,0,0,0,10,13
11422   ,1,0,0,4,0,0,0,8,0,0,13
10360   ,1,2,0,4,0,0,7,8,0,10,32
9423   ,1,2,0,4,5,0,7,8,0,0,27
9720   ,1,2,0,4,0,6,0,0,0,0,13
8871   ,1,2,0,4,5,6,7,0,9,10,44
8280   ,1,2,0,4,5,6,7,8,9,10,52
8226   ,0,0,0,0,5,6,0,8,0,0,19
11350   ,1,2,3,4,5,0,0,8,9,10,42
9590   ,1,2,0,4,5,6,7,0,9,10,44
9339   ,0,2,3,0,0,0,7,0,0,0,12
11093   ,1,2,0,0,0,0,0,0,0,10,13
11820   ,0,0,3,0,5,6,0,8,0,10,32
8259   ,1,2,3,4,5,6,0,8,9,0,38
9136   ,1,2,0,4,0,6,0,8,9,0,30
8205   ,1,2,0,0,0,6,7,8,9,0,33
9593   ,1,2,0,0,5,6,7,0,9,10,40
9067   ,1,0,3,0,0,6,7,0,9,10,36
9342   ,1,2,3,4,5,6,0,8,0,10,39
8684   ,1,2,3,4,5,6,0,0,9,0,30
11183   ,1,2,3,0,0,0,7,8,0,10,31
12842   ,1,2,0,4,5,6,7,0,9,0,34
8216   ,1,2,3,4,5,6,7,0,9,0,37
12789   ,0,2,3,4,0,6,7,0,9,10,41
11113   ,0,2,3,4,0,0,0,0,9,0,18
8741   ,1,2,3,0,5,6,7,0,0,0,24
11372   ,1,0,3,0,5,0,0,0,0,10,19
10406   ,1,0,3,0,0,0,0,8,9,0,21
8408   ,1,0,0,0,0,0,0,0,9,0,10
11845   ,0,0,3,4,5,6,7,0,0,10,35
8157   ,1,2,3,4,5,0,0,8,9,0,32
8858   ,1,2,3,0,0,0,7,8,0,10,31
11143   ,0,0,0,4,5,6,0,8,9,0,32
8126   ,1,2,3,0,0,0,7,0,0,0,13
8719   ,1,2,3,0,5,6,0,8,0,10,35
8647   ,1,2,3,0,5,6,7,0,9,0,33
9541   ,1,0,3,0,0,0,0,0,0,10,14
12564   ,1,0,3,4,5,0,0,0,9,10,32
9025   ,1,2,3,4,0,6,7,0,9,0,32
11418   ,1,2,3,4,0,6,7,0,9,0,32
8827   ,1,2,3,4,5,6,7,8,0,0,36
12766   ,0,2,3,0,0,0,0,0,9,0,14
10122   ,0,2,0,0,5,6,0,8,9,0,30
10410   ,1,0,3,0,5,6,7,0,9,0,31
11443   ,1,2,3,4,5,0,7,8,0,0,30
8509   ,1,2,3,4,0,0,7,8,9,0,34
10326   ,1,0,0,4,5,6,7,0,0,10,33
9363   ,1,2,3,4,0,6,7,0,9,0,32
12611   ,1,2,3,4,5,6,7,0,9,0,37
11108   ,1,0,0,4,5,6,7,8,0,0,31
11103   ,1,2,0,4,5,6,7,0,0,10,35
12582   ,1,2,3,4,0,6,7,8,9,0,40
11055   ,1,2,3,0,0,6,7,0,0,10,29
10388   ,1,2,3,4,5,0,7,8,0,0,30
12551   ,1,2,3,0,5,0,7,8,9,0,35
11421   ,1,0,3,4,0,6,7,8,9,0,38
8729   ,1,2,3,0,5,6,7,0,9,0,33
8848   ,1,2,3,4,5,0,0,8,9,0,32
9588   ,1,0,0,0,0,0,7,0,0,10,18
11146   ,1,2,3,4,5,0,0,0,9,10,34
8390   ,0,0,3,0,5,6,0,8,0,10,32
9592   ,1,2,0,4,0,0,7,0,9,10,33
10103   ,0,2,0,0,0,6,7,8,9,0,32
9819   ,1,2,3,4,0,6,0,8,0,10,34
8474   ,0,2,0,0,5,6,0,8,0,10,31
9948   ,1,0,0,4,0,0,7,8,9,0,29
9459   ,1,0,0,0,5,6,7,8,0,10,37
11070   ,1,2,3,0,5,6,0,0,9,10,36
9038   ,1,2,0,4,5,6,0,8,0,10,36
9946   ,1,0,3,4,5,0,0,8,0,10,31
8491   ,1,2,0,4,0,0,7,8,0,10,32
8852   ,1,2,3,4,0,0,0,8,0,10,28
9428   ,0,2,3,4,0,6,0,8,9,0,32
10151   ,1,2,3,4,5,6,7,8,0,10,46
10127   ,1,2,3,4,5,6,7,0,9,10,47
8340   ,1,2,0,4,5,0,0,0,0,0,12
12549   ,1,2,3,4,5,6,0,8,0,10,39
8891   ,1,2,3,0,5,6,0,8,9,10,44
11441   ,1,2,3,0,5,0,0,8,0,10,29
8504   ,1,2,3,4,0,6,0,8,0,10,34
11414   ,0,2,3,0,5,6,7,8,0,10,41
8173   ,0,0,3,0,5,0,7,0,9,10,34
8210   ,1,2,3,0,0,6,7,0,0,10,29
9430   ,1,2,3,4,5,0,7,8,0,10,40
10445   ,1,2,0,4,0,0,0,8,9,10,34
8539   ,1,2,0,0,5,6,7,0,0,10,31
11420   ,1,2,3,0,0,6,7,0,9,0,28
12602   ,1,2,3,0,5,6,7,0,9,0,33
8538   ,1,2,0,4,0,6,7,8,0,10,38
9138   ,1,2,3,4,0,0,7,0,9,10,36
9465   ,1,2,3,0,0,0,7,0,0,0,13
10186   ,1,2,3,0,5,6,0,8,9,10,44
12583   ,0,0,3,0,5,6,7,0,9,10,40
9547   ,1,2,3,4,5,6,7,8,9,0,45
8832   ,0,0,0,0,5,0,0,0,0,10,15
9723   ,1,2,0,0,0,0,0,0,0,10,13
10395   ,0,2,0,4,5,0,0,0,0,0,11
12835   ,1,2,3,4,0,0,7,0,0,0,17
9629   ,1,2,0,0,0,6,0,0,0,0,9
10404   ,1,0,0,0,5,6,0,0,0,0,12
11098   ,0,0,0,0,5,0,7,0,0,0,12
10335   ,1,2,0,4,0,0,0,8,0,0,15
11366   ,1,2,0,4,5,0,7,8,9,0,36
11389   ,1,2,0,4,5,0,7,0,0,10,29
12632   ,1,0,3,4,0,6,7,8,9,0,38
8239   ,1,2,3,4,5,6,0,8,0,10,39
8895   ,0,2,3,4,5,0,0,0,9,10,33
8874   ,1,2,3,4,0,0,0,8,0,10,28
11368   ,1,2,3,4,5,6,0,8,0,0,29
9559   ,1,0,3,4,0,6,7,0,9,10,40
