Id,   q1,q2,q3,q4,q5,q6,q7,q8,q9,q10,Marks
10975   ,0,2,3,4,0,0,7,0,9,10,35
8613   ,0,0,0,0,5,6,7,0,0,0,18
10068   ,1,2,3,0,0,6,0,0,0,10,22
8891   ,0,0,0,0,0,0,0,0,9,10,19
11105   ,0,0,0,0,0,0,7,0,9,10,26
11722   ,0,0,0,4,0,6,0,0,9,0,19
9009   ,0,0,0,0,0,6,0,0,0,0,6
12010   ,0,0,0,0,0,0,0,0,0,0,0
14120   ,0,0,0,0,0,0,0,8,0,10,18
12378   ,0,0,0,0,0,0,0,8,0,10,18
11547   ,0,0,0,0,0,0,0,0,9,0,9
14112   ,0,0,0,0,0,6,0,0,0,0,6
11162   ,1,0,3,0,0,0,7,8,9,0,28
14313   ,0,0,3,4,5,0,0,8,9,10,39
12879   ,0,2,0,0,0,0,7,0,0,0,9
11555   ,0,0,0,0,5,6,0,8,0,0,19
10363   ,0,2,3,0,5,0,0,0,0,0,10
8838   ,1,2,0,0,0,6,0,0,0,0,9
12397   ,0,0,0,4,0,0,0,0,0,0,4
14183   ,0,0,3,0,0,0,0,0,0,0,3
12313   ,0,2,3,0,0,0,0,0,0,0,5
9441   ,0,2,0,4,0,0,0,8,0,0,14
13393   ,1,0,0,0,0,0,0,8,0,0,9
10492   ,0,0,3,0,0,6,0,0,0,0,9
14181   ,0,2,3,0,0,6,0,0,0,10,21
8446   ,0,2,0,0,0,6,0,8,0,0,16
8861   ,0,0,0,0,0,0,0,8,0,0,8
10122   ,0,0,0,0,0,0,0,0,0,0,0
13530   ,0,0,0,4,0,0,0,0,0,10,14
13051   ,0,0,0,0,0,0,0,8,0,0,8
14030   ,0,2,0,0,0,6,0,0,9,10,27
10180   ,0,2,0,0,5,0,0,0,0,0,7
9139   ,0,2,0,0,0,0,0,0,9,0,11
13663   ,0,0,0,0,0,6,0,0,0,10,16
11076   ,1,2,3,0,0,6,7,0,9,0,28
11452   ,0,0,0,0,0,6,0,0,0,0,6
12428   ,0,0,3,4,0,0,7,0,9,10,33
14343   ,0,2,0,4,5,0,7,0,9,0,27
11217   ,0,0,0,4,0,6,7,0,9,0,26
14054   ,1,2,3,0,5,0,0,0,0,0,11
11486   ,0,0,0,0,0,0,0,0,0,10,10
12091   ,0,0,0,0,0,0,7,8,0,0,15
10322   ,0,0,0,0,0,0,0,0,0,10,10
12183   ,0,0,0,0,0,0,0,8,0,0,8
13764   ,0,0,0,4,5,0,7,8,0,0,24
14033   ,0,0,0,0,5,0,0,8,9,0,22
13599   ,1,0,0,0,0,0,0,0,9,0,10
14119   ,0,0,0,0,5,6,0,0,0,0,11
13584   ,0,0,0,4,5,0,7,0,0,0,16
10842   ,0,2,3,4,0,0,7,0,9,0,25
10185   ,1,0,3,0,0,0,0,8,0,0,12
9583   ,0,0,0,0,0,0,7,0,9,10,26
12650   ,0,0,3,0,0,0,0,0,0,0,3
10847   ,0,2,0,4,0,0,0,0,0,10,16
13902   ,0,0,3,4,0,0,0,8,0,10,25
11741   ,0,0,0,4,0,6,0,0,9,0,19
10938   ,1,0,0,0,5,0,0,0,9,0,15
10051   ,0,0,3,0,0,0,0,8,0,10,21
11395   ,0,0,0,0,0,0,0,0,0,0,0
8931   ,0,0,0,0,0,0,0,0,0,0,0
11006   ,0,0,3,0,0,6,0,8,9,0,26
11301   ,0,0,0,4,0,0,0,0,0,0,4
11231   ,1,0,0,0,5,0,7,0,0,0,13
13277   ,0,0,0,0,0,0,7,0,0,0,7
10997   ,0,2,0,0,0,6,7,0,0,0,15
12628   ,1,0,0,0,0,0,0,8,0,0,9
9326   ,1,2,0,0,0,0,7,0,0,0,10
9459   ,1,0,0,0,0,0,0,0,0,0,1
9307   ,0,0,0,0,0,0,0,0,0,0,0
8490   ,0,0,3,0,0,6,7,0,0,10,26
10074   ,0,0,0,0,0,0,7,0,0,0,7
11684   ,0,0,0,0,5,6,7,0,0,0,18
11223   ,0,0,0,0,0,0,0,0,0,0,0
13891   ,0,0,0,0,0,0,0,8,9,0,17
14304   ,1,2,0,0,5,0,0,0,0,0,8
12316   ,0,0,0,4,0,6,0,0,0,0,10
11462   ,0,0,0,0,5,0,0,0,0,0,5
13679   ,1,0,0,0,0,0,0,0,0,0,1
10570   ,0,0,0,0,0,6,0,0,9,0,15
13193   ,0,2,0,0,0,6,0,0,9,10,27
13859   ,0,0,3,0,0,0,0,0,0,0,3
10268   ,0,0,0,4,0,0,0,8,0,0,12
13668   ,0,0,3,0,0,0,0,0,0,10,13
10311   ,0,0,0,4,0,0,0,0,9,0,13
13274   ,0,0,0,0,0,0,0,0,0,0,0
10788   ,1,0,0,4,5,0,7,0,0,0,17
9016   ,0,0,0,0,0,6,7,0,0,0,13
10813   ,0,0,0,0,0,0,0,0,9,0,9
11965   ,1,0,0,0,0,0,7,0,0,0,8
8685   ,0,0,3,4,0,0,0,0,9,10,26
10536   ,0,0,0,0,0,0,0,8,9,0,17
11098   ,0,0,3,0,0,0,0,0,0,0,3
13110   ,0,0,0,0,0,0,7,0,0,0,7
13803   ,1,2,3,0,0,0,0,8,0,0,14
12253   ,0,2,0,0,0,0,7,0,9,0,18
13210   ,1,2,0,0,5,0,7,0,0,0,15
10993   ,0,2,0,0,5,6,0,0,0,0,13
13182   ,1,0,0,0,0,6,7,0,0,0,14
8896   ,0,2,0,4,0,6,0,0,0,10,22
10676   ,0,0,3,0,5,0,0,8,0,0,16
14271   ,1,0,0,0,0,0,0,0,0,0,1
10410   ,1,0,0,0,0,0,0,0,0,0,1
11846   ,1,0,0,0,0,6,0,0,0,10,17
11204   ,1,0,0,0,0,0,7,8,0,0,16
11947   ,1,2,0,4,0,6,0,0,0,0,13
10446   ,0,2,0,0,0,0,0,0,0,10,12
11587   ,0,2,0,0,0,0,0,8,0,0,10
13824   ,0,2,0,0,5,0,0,0,0,0,7
9959   ,0,2,0,0,0,0,0,0,9,0,11
9571   ,0,2,0,4,0,0,7,0,0,0,13
9304   ,0,0,0,0,0,6,0,8,0,10,24
11909   ,1,0,0,0,0,0,0,8,0,0,9
14127   ,0,0,0,0,0,0,0,0,0,10,10
14346   ,0,0,0,0,0,0,0,0,0,10,10
11086   ,0,2,0,4,5,0,0,0,0,0,11
11321   ,1,2,0,0,0,0,7,0,0,0,10
11646   ,1,0,3,0,0,0,0,0,0,10,14
14362   ,0,0,0,0,5,0,0,0,0,10,15
14349   ,0,0,0,0,0,0,0,8,0,0,8
10242   ,0,0,0,0,0,0,0,0,0,0,0
12055   ,0,0,0,0,0,0,0,0,0,0,0
14075   ,0,2,0,0,0,0,0,8,0,0,10
12859   ,1,0,3,4,5,0,0,0,0,0,13
10935   ,0,2,0,0,0,6,7,0,0,0,15
10222   ,1,2,0,0,0,6,0,8,0,10,27
12310   ,0,0,0,0,0,0,7,0,0,10,17
11761   ,0,0,0,0,5,0,7,8,0,0,20
12827   ,0,0,3,0,5,6,7,0,0,0,21
12239   ,0,2,3,4,5,0,0,0,9,0,23
12417   ,0,0,3,0,5,0,0,0,9,0,17
14312   ,0,0,3,0,0,0,0,0,0,0,3
10473   ,0,0,3,4,0,0,7,8,0,0,22
8999   ,0,0,0,0,0,0,0,0,0,10,10
10849   ,1,0,0,0,0,0,7,0,9,0,17
12088   ,0,2,0,0,0,0,7,0,0,0,9
14117   ,0,2,0,0,5,6,0,0,0,0,13
10621   ,0,0,3,0,0,0,0,0,0,0,3
13484   ,0,0,0,4,0,0,0,0,0,0,4
13833   ,0,0,0,4,5,0,0,8,9,0,26
12542   ,0,0,0,4,5,0,0,0,0,0,9
10187   ,1,0,3,0,0,0,0,8,0,0,12
14152   ,0,0,3,0,0,0,0,0,9,10,22
14420   ,0,2,0,0,5,0,0,8,0,0,15
11608   ,0,2,3,0,0,6,0,0,9,0,20
11521   ,0,0,0,0,0,6,0,0,9,0,15
10629   ,0,2,3,0,5,6,0,0,0,0,16
13828   ,0,2,3,0,0,0,0,8,0,0,13
14110   ,0,0,0,0,0,0,0,0,9,10,19
12712   ,1,2,0,4,0,0,0,0,0,0,7
9089   ,0,0,0,4,0,0,0,8,0,0,12
12675   ,0,0,0,4,5,0,0,0,0,10,19
10764   ,1,2,0,0,0,0,0,0,0,10,13
11014   ,1,2,0,0,0,0,0,0,0,0,3
10102   ,1,2,3,4,0,0,0,8,0,0,18
11809   ,0,0,0,0,0,0,7,0,9,10,26
13347   ,0,2,3,0,5,0,7,0,0,0,17
11459   ,0,2,3,0,0,0,0,0,0,10,15
11938   ,0,2,0,0,5,0,0,0,0,0,7
13849   ,0,0,0,4,0,0,0,0,9,10,23
13914   ,0,2,0,0,0,0,0,0,0,0,2
13369   ,1,0,0,0,0,0,7,8,0,0,16
13093   ,1,0,0,4,0,0,0,0,9,0,14
10071   ,0,2,0,0,5,6,0,0,9,0,22
11331   ,0,0,0,4,0,6,0,8,0,10,28
8481   ,0,0,3,0,5,6,0,0,0,0,14
11114   ,0,0,0,0,0,0,0,0,9,0,9
10797   ,1,2,0,0,0,6,0,0,0,0,9
10602   ,1,2,3,0,0,0,7,0,0,0,13
13226   ,0,2,0,0,0,0,0,0,9,0,11
13567   ,0,2,0,0,0,0,0,0,9,0,11
13490   ,0,0,0,0,0,0,0,0,9,0,9
11275   ,0,0,0,0,0,0,0,0,0,0,0
11810   ,0,0,0,0,0,0,0,0,0,0,0
9499   ,0,0,0,0,0,0,0,0,0,0,0
10352   ,1,0,0,0,5,0,0,8,0,10,24
13288   ,0,2,0,0,0,0,0,0,0,0,2
8870   ,0,2,3,0,5,0,7,0,9,10,36
14179   ,0,0,0,4,5,0,0,0,9,10,28
10599   ,1,0,0,0,0,0,0,0,0,0,1
11177   ,0,0,3,0,5,0,0,8,0,0,16
11533   ,0,0,0,0,0,0,0,0,0,0,0
8843   ,0,0,3,4,0,0,7,0,9,10,33
9395   ,0,0,0,0,0,0,0,0,0,0,0
11857   ,0,2,0,4,0,0,0,0,0,0,6
14367   ,0,0,3,4,0,0,7,0,0,0,14
11160   ,1,0,0,0,0,0,0,8,0,0,9
9091   ,0,0,0,0,0,0,7,8,9,0,24
13010   ,0,2,3,0,0,0,0,8,0,0,13
10915   ,1,0,0,0,0,0,0,0,9,0,10
8634   ,0,2,0,4,0,6,0,0,0,0,12
8646   ,1,0,3,0,0,0,0,0,0,0,4
8903   ,0,2,0,0,0,0,0,0,9,0,11
11828   ,1,2,0,4,0,6,0,0,0,0,13
8610   ,1,0,0,4,0,0,0,8,0,0,13
12608   ,0,0,0,0,5,0,0,0,0,0,5
10104   ,0,0,0,0,0,6,0,0,0,0,6
13631   ,0,2,0,0,5,6,0,0,0,10,23
10932   ,0,0,0,0,0,6,0,8,9,0,23
12710   ,0,2,0,0,5,0,7,0,0,0,14
13167   ,0,0,0,4,5,0,0,0,0,0,9
10047   ,0,0,3,0,0,0,0,0,0,10,13
9391   ,0,2,0,4,0,0,0,0,0,0,6
11766   ,1,0,3,0,5,0,0,0,9,0,18
8653   ,0,2,0,0,5,0,0,8,0,0,15
13768   ,0,0,0,0,0,0,0,0,0,0,0
8854   ,1,0,0,0,0,6,7,0,9,0,23
8609   ,0,2,3,0,0,0,7,0,9,0,21
12782   ,0,0,3,0,0,0,7,0,0,0,10
12595   ,0,0,3,0,0,6,0,0,0,0,9
9426   ,0,2,3,0,0,0,0,8,9,0,22
14383   ,0,2,0,0,0,6,7,0,9,0,24
11309   ,0,2,0,0,0,0,0,0,0,0,2
14202   ,0,0,3,4,0,0,0,0,0,10,17
9004   ,0,0,3,0,0,0,7,0,9,0,19
13791   ,1,0,3,0,0,0,0,8,9,0,21
12523   ,1,0,0,4,0,0,0,8,0,0,13
13145   ,0,0,0,4,0,6,0,0,9,0,19
10263   ,0,2,0,0,5,0,7,8,0,10,32
10899   ,0,0,0,0,0,0,0,0,0,0,0
14027   ,0,0,0,0,0,0,0,8,0,0,8
9884   ,0,0,0,0,0,0,0,0,0,10,10
11244   ,0,2,3,0,0,6,0,0,9,0,20
10116   ,0,0,3,0,5,6,0,0,9,0,23
10275   ,0,0,3,0,0,0,0,8,0,0,11
14417   ,0,0,3,0,0,0,0,0,0,0,3
13841   ,0,0,0,4,5,0,0,8,0,10,27
9116   ,0,2,0,0,5,0,7,0,0,0,14
12786   ,0,0,3,0,0,0,7,8,0,0,18
13206   ,1,0,3,4,0,0,0,8,9,0,25
12357   ,0,2,3,0,5,0,0,0,0,0,10
13812   ,0,0,0,4,0,6,7,8,0,0,25
9364   ,0,0,3,0,0,0,0,0,0,0,3
12327   ,0,2,3,4,0,0,0,0,9,0,18
11573   ,0,0,0,0,0,0,0,8,9,10,27
10152   ,0,0,0,0,5,0,0,0,0,0,5
11206   ,0,0,0,0,0,0,0,0,0,10,10
10752   ,0,0,0,0,0,0,0,0,0,0,0
14256   ,1,2,3,0,5,0,0,0,0,10,21
8967   ,1,2,0,0,0,0,0,0,0,0,3
12141   ,0,0,3,0,0,6,0,0,0,0,9
9144   ,1,0,3,0,0,6,0,0,0,0,10
8618   ,0,0,3,0,0,6,0,8,0,0,17
13606   ,0,0,0,4,0,0,0,0,0,0,4
12259   ,0,2,0,0,0,0,0,0,9,0,11
10984   ,0,0,0,0,0,0,0,0,9,10,19
13612   ,0,0,3,0,0,6,0,0,0,0,9
14089   ,0,2,0,0,0,0,0,0,0,0,2
14259   ,0,2,0,4,0,0,0,8,0,0,14
9918   ,0,0,0,4,0,0,0,8,0,0,12
12738   ,1,0,0,0,0,6,7,8,0,10,32
10409   ,0,0,0,0,5,0,7,8,0,0,20
11107   ,0,0,0,4,0,0,0,8,9,0,21
11139   ,0,0,0,0,5,0,0,8,0,10,23
11932   ,0,2,0,0,5,6,0,8,0,10,31
11894   ,0,0,3,0,0,0,0,0,0,0,3
10313   ,0,0,0,0,0,0,7,0,0,0,7
12231   ,1,0,0,4,0,0,0,0,0,0,5
12596   ,0,2,3,0,5,0,0,0,0,0,10
12829   ,0,0,0,0,5,0,0,8,0,10,23
10740   ,1,0,0,0,5,6,7,0,0,0,19
12601   ,0,0,3,0,0,0,0,0,0,10,13
10781   ,1,0,0,0,0,0,7,0,0,0,8
13615   ,0,0,0,0,0,0,0,0,9,10,19
8527   ,1,0,0,0,0,0,7,0,0,0,8
10988   ,1,2,0,4,0,6,0,8,0,0,21
12230   ,0,0,0,0,5,6,0,8,9,0,28
14327   ,0,2,3,0,0,6,0,0,0,10,21
13528   ,0,0,0,0,5,0,7,0,0,10,22
14303   ,0,0,0,0,5,0,0,0,9,0,14
11304   ,0,0,0,0,0,6,7,0,0,0,13
8440   ,1,0,0,0,0,0,0,0,9,0,10
10685   ,0,0,0,0,0,0,0,0,0,0,0
11068   ,0,0,0,0,0,6,7,0,0,0,13
12699   ,1,0,0,0,0,6,0,0,9,0,16
13308   ,0,0,0,0,0,0,0,0,0,10,10
10332   ,1,0,3,4,0,6,0,0,9,10,33
11451   ,0,0,3,4,0,6,0,0,0,10,23
10354   ,1,0,3,0,0,0,0,0,0,0,4
10844   ,0,2,3,4,0,0,0,0,0,0,9
11497   ,0,0,0,0,0,0,0,0,0,0,0
13775   ,0,0,0,0,5,0,0,0,9,0,14
12823   ,0,0,0,0,5,0,0,0,0,0,5
10605   ,1,0,3,4,0,0,0,0,9,0,17
13395   ,0,0,3,0,0,0,0,0,0,10,13
14397   ,0,0,3,0,0,0,0,8,0,0,11
10866   ,1,0,0,4,5,6,0,0,0,0,16
11637   ,0,0,0,4,0,0,0,8,0,10,22
11128   ,0,2,0,4,0,0,0,0,9,0,15
9542   ,1,0,3,0,0,0,0,8,0,0,12
13867   ,0,0,3,0,0,0,7,0,9,0,19
10721   ,0,0,0,0,5,6,7,0,0,0,18
10858   ,0,2,0,0,0,0,0,0,0,0,2
12235   ,1,0,0,0,5,6,0,0,9,0,21
12392   ,0,2,0,0,0,0,0,8,9,0,19
11379   ,1,0,0,0,5,0,0,8,9,10,33
11234   ,0,2,0,0,0,6,0,0,0,0,8
12723   ,0,0,3,0,0,0,0,0,0,10,13
10366   ,0,0,0,0,0,6,0,0,0,0,6
11455   ,0,0,0,4,5,6,0,8,0,0,23
13400   ,0,2,0,0,0,6,0,0,0,0,8
12236   ,1,0,0,4,0,6,0,0,9,0,20
10353   ,0,0,0,0,0,0,0,0,0,0,0
10801   ,1,2,0,4,0,0,0,0,0,10,17
12439   ,0,0,3,0,0,6,0,8,0,0,17
12831   ,0,0,0,4,0,6,0,0,0,0,10
12092   ,1,0,0,0,0,0,0,0,9,0,10
10481   ,0,0,0,4,0,6,7,0,9,0,26
12069   ,0,0,0,4,0,0,0,0,9,0,13
12813   ,0,2,0,0,0,6,0,0,0,0,8
8522   ,0,2,0,0,0,0,7,0,0,10,19
9930   ,0,2,0,0,5,0,0,0,9,0,16
13333   ,0,0,3,0,0,0,0,0,0,10,13
13389   ,0,0,3,4,0,0,0,8,0,0,15
12835   ,0,2,0,0,0,0,0,0,0,10,12
10999   ,1,2,0,0,5,0,0,8,0,0,16
9041   ,0,0,0,4,0,0,0,0,0,0,4
9498   ,0,0,3,4,5,0,7,0,0,10,29
10837   ,0,0,3,0,5,0,7,8,0,0,23
11102   ,0,0,0,0,0,0,7,0,9,10,26
8969   ,0,0,0,4,0,0,0,0,0,0,4
12272   ,0,2,0,0,0,0,7,8,9,0,26
13818   ,0,0,3,0,0,0,7,0,0,0,10
11130   ,0,0,0,0,5,6,0,0,0,0,11
14377   ,1,0,3,0,0,0,0,8,9,0,21
12264   ,0,2,0,0,5,0,0,0,0,0,7
13827   ,1,0,3,0,0,0,0,0,0,0,4
9478   ,0,0,0,0,0,0,0,0,0,0,0
12166   ,0,0,0,0,0,0,0,0,0,0,0
10438   ,1,2,0,0,0,0,0,0,9,0,12
10532   ,1,0,3,0,5,0,0,0,0,10,19
13049   ,0,0,0,0,0,0,7,0,0,0,7
9412   ,0,0,3,0,5,0,0,0,0,0,8
12883   ,1,0,0,0,0,0,7,0,0,0,8
9397   ,1,2,0,0,0,0,0,0,0,0,3
12298   ,0,2,0,0,0,0,7,8,0,0,17
14094   ,0,0,0,0,0,0,0,0,9,0,9
11853   ,0,0,0,4,0,0,0,8,9,0,21
11818   ,0,0,0,4,0,0,7,0,9,0,20
9347   ,0,0,3,0,5,0,0,0,9,0,17
10618   ,1,2,0,0,0,0,0,0,0,0,3
14414   ,0,0,0,4,5,0,0,0,0,0,9
14323   ,1,0,0,0,0,0,0,0,0,0,1
11248   ,1,0,0,4,5,6,0,0,0,0,16
13439   ,0,2,0,4,0,6,0,0,0,0,12
10826   ,0,0,0,0,5,0,0,0,0,0,5
11186   ,0,2,0,0,0,0,0,8,9,0,19
12858   ,0,0,0,0,0,0,0,0,9,0,9
11092   ,0,2,0,0,0,0,0,0,0,0,2
11595   ,1,0,0,0,5,0,7,0,0,0,13
11746   ,0,2,3,0,0,0,0,0,0,0,5
12630   ,0,0,3,0,0,0,7,0,0,10,20
11794   ,0,2,3,0,0,0,0,0,0,0,5
10703   ,0,0,3,0,5,0,0,0,0,10,18
12725   ,0,0,0,4,0,0,0,8,0,0,12
12338   ,0,0,0,0,0,6,0,0,0,0,6
10686   ,0,0,0,0,0,0,7,8,9,0,24
9339   ,1,2,0,0,5,0,7,0,0,10,25
11978   ,0,2,0,0,0,6,0,0,9,0,17
11142   ,0,0,0,4,0,0,0,8,0,0,12
9309   ,1,0,0,0,5,0,0,8,0,0,14
12097   ,0,0,3,0,0,6,0,8,0,0,17
12818   ,0,0,0,0,0,6,0,0,0,0,6
11726   ,0,2,0,0,0,0,0,0,0,0,2
13619   ,0,0,0,0,0,0,0,0,0,0,0
8867   ,0,0,0,4,5,6,0,0,0,10,25
14078   ,0,0,0,4,0,0,7,0,0,0,11
9515   ,0,0,0,4,0,0,0,0,0,0,4
11346   ,1,0,3,4,0,0,7,8,0,0,23
8424   ,0,0,0,0,5,0,0,0,0,0,5
13534   ,0,2,0,4,0,0,7,0,0,0,13
10150   ,1,0,0,0,5,6,0,0,0,0,12
13263   ,0,0,0,4,0,0,7,0,0,0,11
13007   ,1,2,0,4,5,6,0,0,0,0,18
11485   ,0,0,0,0,5,0,7,8,0,10,30
9993   ,1,0,0,0,5,6,7,0,0,0,19
12728   ,0,0,0,0,0,6,0,8,0,0,14
8462   ,0,0,0,0,0,0,0,8,0,10,18
10031   ,0,0,0,0,5,0,0,0,9,0,14
13054   ,0,0,0,0,0,0,0,0,9,0,9
11009   ,0,0,0,0,0,0,7,8,0,0,15
10038   ,0,0,0,0,0,0,0,0,0,10,10
10921   ,0,0,0,0,0,0,0,8,0,0,8
11915   ,1,0,0,0,0,0,7,0,9,10,27
8647   ,0,0,0,0,0,6,0,0,0,10,16
11723   ,1,0,0,0,0,0,0,0,0,10,11
11859   ,1,2,0,0,0,0,0,0,0,0,3
10060   ,1,0,0,4,0,0,0,0,0,0,5
13328   ,0,2,0,0,0,6,0,0,9,0,17
11936   ,0,0,3,0,0,0,0,8,0,0,11
10380   ,0,0,0,0,0,0,0,0,9,0,9
10582   ,0,0,0,0,0,0,0,0,0,0,0
11188   ,0,0,0,0,0,0,0,8,9,0,17
13445   ,0,0,0,0,0,0,7,0,0,0,7
10416   ,1,0,3,0,0,6,0,8,0,10,28
13480   ,1,0,0,0,0,0,0,0,0,0,1
12679   ,0,0,0,4,0,0,0,0,9,10,23
14360   ,0,0,3,0,0,0,0,8,0,0,11
10595   ,1,0,3,4,0,6,7,0,9,0,30
12350   ,0,0,0,4,0,0,0,8,0,0,12
12683   ,1,0,0,0,0,0,0,0,0,0,1
13586   ,1,2,3,0,0,0,0,0,0,0,6
13901   ,0,2,0,0,0,0,0,0,0,10,12
13499   ,0,0,0,0,0,0,0,0,0,10,10
13233   ,0,0,3,4,0,0,0,0,0,0,7
12346   ,0,0,3,4,0,0,0,0,0,10,17
10865   ,0,0,3,0,0,0,0,8,0,0,11
11393   ,0,0,0,0,0,6,0,0,0,0,6
14394   ,0,2,0,0,0,0,7,0,0,0,9
11328   ,0,2,0,0,5,0,7,0,9,0,23
10662   ,0,0,0,4,0,0,7,0,0,10,21
12794   ,0,0,0,0,0,0,0,8,0,10,18
12843   ,0,0,3,0,0,6,0,0,0,0,9
12136   ,0,0,0,0,5,6,7,0,0,10,28
13356   ,1,0,0,0,0,0,7,0,0,0,8
13041   ,1,0,0,0,0,0,0,0,0,0,1
11600   ,0,0,0,4,0,0,7,0,9,0,20
13189   ,0,0,0,0,0,0,0,0,0,10,10
14028   ,1,0,0,4,0,0,0,0,0,0,5
12246   ,1,0,0,0,0,0,0,8,9,0,18
13403   ,0,2,0,0,0,6,0,0,0,0,8
9117   ,0,0,0,0,0,0,0,8,0,0,8
11292   ,1,0,0,4,0,0,0,0,0,0,5
12833   ,0,0,0,4,0,0,0,0,0,10,14
12274   ,0,2,0,0,0,0,0,0,0,0,2
10035   ,1,0,0,4,5,0,7,0,9,0,26
11124   ,0,0,3,4,5,0,0,0,0,10,22
14251   ,0,0,0,4,0,6,0,8,0,10,28
13773   ,1,0,0,0,0,6,0,0,9,0,16
13564   ,0,2,0,0,0,6,0,0,0,0,8
14194   ,0,0,0,0,5,0,0,0,0,0,5
13371   ,0,0,0,0,0,0,0,0,0,0,0
12200   ,0,0,0,0,0,0,0,8,0,10,18
10041   ,0,0,0,4,0,6,0,0,9,10,29
11293   ,0,0,0,0,0,6,7,0,0,0,13
13813   ,0,2,0,0,0,0,7,0,0,10,19
8855   ,0,0,0,4,0,0,0,0,0,0,4
14260   ,1,0,0,0,0,0,7,0,0,10,18
14198   ,1,2,0,0,0,0,0,0,0,0,3
14412   ,1,2,0,0,5,0,0,0,0,0,8
13368   ,1,0,0,0,0,0,0,0,0,0,1
11745   ,1,0,0,0,0,0,7,0,0,0,8
12123   ,0,0,0,4,5,0,7,8,0,0,24
10240   ,0,0,3,0,5,0,7,0,9,0,24
10063   ,0,2,0,0,5,0,0,0,0,0,7
14006   ,0,2,0,4,0,0,0,0,0,0,6
13449   ,0,0,0,0,0,6,0,0,0,0,6
9322   ,0,0,3,4,0,0,0,0,0,10,17
8488   ,0,0,0,0,0,0,0,0,0,0,0
8553   ,0,0,3,0,5,0,7,0,0,0,15
13618   ,0,2,0,0,5,6,7,0,0,0,20
11598   ,0,0,0,0,5,0,0,0,9,0,14
11784   ,0,0,0,4,0,0,0,0,9,10,23
11661   ,0,0,0,0,0,0,0,0,9,0,9
11876   ,0,2,0,0,0,0,0,8,0,10,20
14266   ,0,0,0,0,5,6,7,0,0,10,28
12694   ,0,2,0,4,0,0,7,0,0,0,13
8451   ,0,2,3,4,5,0,0,0,9,10,33
9148   ,1,0,0,0,0,0,7,8,0,0,16
12868   ,0,0,0,0,5,6,7,0,0,0,18
13765   ,0,2,0,0,0,0,0,8,9,0,19
14175   ,0,0,3,4,0,0,0,0,0,0,7
11472   ,0,0,3,4,0,0,0,0,0,0,7
11589   ,0,0,0,4,5,6,0,0,0,0,15
11610   ,0,2,0,4,0,0,0,8,0,0,14
13290   ,0,0,0,0,5,0,0,8,0,0,13
8667   ,0,0,0,0,0,0,0,0,0,0,0
14035   ,0,0,3,0,0,0,0,8,0,0,11
11239   ,0,0,3,0,5,6,7,0,0,0,21
13875   ,0,0,0,0,0,0,0,0,0,0,0
11363   ,1,0,0,0,0,0,0,0,0,10,11
13844   ,0,2,0,0,0,0,0,0,0,0,2
9106   ,0,0,0,0,0,0,0,0,0,10,10
11603   ,1,0,0,0,0,0,0,0,0,0,1
11942   ,0,0,0,0,5,6,0,0,0,0,11
12082   ,1,0,0,0,0,0,0,8,0,0,9
13820   ,0,2,3,0,0,6,0,8,0,10,29
11498   ,1,0,0,0,0,6,0,8,0,10,25
12801   ,0,0,0,0,0,0,0,0,0,10,10
11491   ,0,0,0,4,0,0,0,8,0,0,12
14172   ,0,0,3,4,5,0,0,0,0,0,12
9420   ,0,0,3,0,0,0,7,8,0,0,18
12432   ,0,0,3,0,0,0,0,8,0,0,11
12553   ,0,2,0,0,0,0,7,0,0,0,9
8946   ,0,0,0,0,0,0,0,0,0,0,0
11200   ,1,0,0,0,0,6,7,0,0,0,14
10614   ,0,2,3,0,0,0,0,0,9,0,14
12821   ,0,0,0,4,0,0,7,0,0,0,11
11764   ,0,2,0,4,0,0,0,0,0,0,6
12064   ,0,0,3,0,5,0,0,0,9,0,17
11721   ,0,0,3,0,0,0,0,0,0,0,3
12828   ,0,0,0,0,0,0,0,0,9,10,19
11349   ,0,0,0,0,0,6,0,0,0,0,6
8657   ,0,0,0,0,0,0,0,0,9,0,9
11560   ,0,0,0,0,5,0,0,8,0,0,13
11989   ,0,0,0,0,0,0,0,0,0,10,10
10716   ,0,0,0,4,5,0,0,0,9,0,18
11898   ,0,0,0,4,0,0,0,0,0,0,4
13014   ,0,2,0,0,0,0,7,0,9,0,18
12684   ,0,0,0,4,0,0,0,0,0,10,14
10324   ,1,0,0,0,0,0,0,0,0,10,11
13916   ,0,0,0,4,0,0,7,0,9,10,30
8912   ,1,0,3,0,0,0,0,0,0,0,4
13109   ,0,0,3,0,0,0,0,0,0,0,3
10777   ,0,0,0,4,0,0,7,0,0,0,11
9261   ,1,0,0,0,0,0,7,0,9,0,17
12743   ,0,0,0,0,5,0,7,0,0,0,12
10651   ,0,0,0,0,0,6,0,0,0,10,16
12228   ,0,0,3,0,5,0,0,8,0,0,16
13339   ,1,0,3,0,0,6,0,0,0,0,10
13644   ,0,0,3,0,0,0,0,0,0,0,3
13149   ,0,2,0,0,0,0,0,0,0,0,2
8563   ,1,0,0,0,5,0,7,0,0,0,13
13907   ,1,0,0,0,0,0,0,0,0,0,1
13911   ,0,0,0,0,0,0,7,0,0,10,17
14311   ,1,0,0,0,5,0,0,0,0,0,6
10334   ,0,0,3,0,0,0,0,8,0,0,11
10364   ,1,0,3,0,0,6,0,8,0,0,18
11622   ,1,2,0,0,0,0,7,8,0,0,18
12024   ,0,0,0,0,5,0,7,8,0,0,20
9329   ,0,0,0,4,0,6,0,0,9,10,29
10852   ,0,0,3,0,5,6,0,0,0,10,24
10156   ,1,0,0,0,0,0,0,0,0,0,1
13198   ,1,0,0,0,0,6,0,8,9,0,24
8935   ,0,0,0,0,0,0,0,0,9,10,19
11870   ,0,0,0,4,0,0,0,8,0,10,22
10680   ,0,0,0,4,0,6,0,0,0,0,10
13240   ,0,2,0,4,0,0,0,0,0,0,6
12180   ,0,0,3,0,5,0,0,0,0,0,8
9536   ,0,2,3,0,0,0,7,8,0,10,30
10358   ,0,0,0,4,0,0,0,0,0,10,14
12884   ,0,0,0,4,0,0,0,0,0,10,14
12905   ,0,0,3,0,0,0,0,0,0,0,3
11163   ,1,0,0,0,0,6,0,0,0,0,7
13005   ,0,0,0,4,5,6,0,0,0,0,15
13191   ,0,2,0,4,5,0,0,0,0,10,21
14236   ,1,0,3,0,0,0,7,0,0,0,11
12077   ,0,0,0,0,5,0,0,0,0,0,5
10045   ,0,0,0,4,5,0,0,0,0,0,9
13802   ,0,2,0,4,5,0,7,0,0,0,18
13442   ,0,0,0,0,0,0,0,0,9,0,9
8942   ,0,0,0,0,0,0,0,8,0,0,8
14107   ,1,0,3,0,0,0,0,0,0,0,4
8695   ,1,0,0,0,0,0,0,0,0,0,1
10398   ,0,0,0,0,0,0,0,0,0,0,0
10760   ,0,0,3,0,0,0,0,8,0,10,21
14019   ,1,0,0,0,0,6,0,0,0,0,7
11789   ,0,0,3,0,5,0,0,8,0,0,16
11933   ,0,0,0,0,0,0,0,0,0,0,0
13384   ,0,0,3,0,0,0,0,8,0,0,11
8614   ,0,0,3,0,0,0,0,0,0,10,13
8683   ,0,0,0,4,0,0,0,0,0,0,4
12162   ,1,0,3,0,0,0,0,0,9,0,13
13312   ,0,2,0,0,0,0,0,0,0,10,12
12084   ,1,0,0,0,0,0,7,8,0,0,16
11896   ,0,0,3,0,0,0,7,8,0,0,18
10747   ,0,0,3,0,0,0,7,8,9,0,27
11446   ,1,0,0,4,0,0,0,8,0,0,13
12520   ,0,2,3,0,0,0,7,0,9,0,21
11406   ,0,0,0,0,0,0,0,8,0,0,8
9069   ,0,0,3,4,5,6,0,8,0,0,26
9141   ,0,0,3,4,5,0,0,0,0,0,12
12370   ,1,0,0,0,0,6,0,8,9,10,34
8836   ,0,0,0,0,0,0,7,0,0,10,17
13407   ,0,2,3,0,5,0,0,8,0,10,28
11165   ,0,2,0,0,0,6,0,0,0,0,8
14122   ,0,2,3,0,5,0,0,0,0,0,10
12087   ,1,0,3,4,0,0,0,0,0,0,8
10194   ,0,0,0,0,0,0,0,0,0,0,0
14071   ,0,0,0,0,0,6,0,0,9,0,15
12533   ,1,0,0,0,5,6,0,0,0,0,12
12188   ,0,2,0,0,0,0,0,0,0,10,12
13874   ,1,0,0,0,0,0,0,0,0,0,1
13076   ,0,2,0,0,0,0,0,0,0,10,12
9065   ,1,2,0,0,5,6,0,0,0,0,14
11414   ,0,2,3,4,0,0,0,0,0,0,9
9555   ,0,0,3,0,5,0,7,0,0,0,15
11145   ,0,0,0,4,5,6,0,0,0,10,25
12399   ,1,0,3,4,0,0,0,8,0,0,16
12506   ,0,0,0,0,0,0,7,0,9,10,26
11955   ,0,0,0,0,5,0,0,0,9,10,24
14102   ,0,0,0,0,0,0,0,8,0,0,8
9416   ,0,2,0,4,0,0,0,0,0,0,6
9054   ,0,2,0,4,0,0,0,0,0,0,6
11413   ,0,0,0,0,0,6,0,0,0,0,6
11529   ,1,0,0,4,0,0,0,8,0,0,13
11417   ,0,0,3,0,5,0,0,8,0,0,16
10369   ,0,2,0,0,0,0,0,0,9,0,11
13684   ,0,0,0,0,0,0,7,0,0,0,7
13106   ,0,0,0,4,5,0,0,0,0,0,9
14239   ,0,0,0,0,0,6,0,0,0,0,6
12877   ,0,2,0,0,0,6,0,0,0,10,18
8491   ,1,0,0,0,0,6,0,0,0,0,7
12658   ,0,0,0,4,5,6,0,0,0,0,15
12581   ,0,0,0,0,0,6,7,8,0,0,21
10600   ,1,2,0,0,5,0,0,8,0,10,26
10335   ,0,0,0,0,0,6,7,8,0,0,21
11526   ,0,0,3,4,0,0,0,0,0,0,7
11344   ,0,0,0,0,0,6,7,8,0,0,21
11458   ,0,0,0,0,0,0,7,0,0,10,17
12514   ,1,0,0,0,0,0,7,8,0,10,26
10327   ,0,0,0,0,0,0,0,0,0,0,0
11570   ,0,0,3,4,0,0,0,0,0,0,7
11777   ,1,0,0,0,0,0,0,8,0,0,9
13842   ,1,0,0,4,0,0,0,0,9,10,24
11687   ,0,0,0,4,5,0,0,8,0,10,27
12013   ,1,0,0,4,0,0,7,0,0,0,12
12753   ,0,0,0,0,0,0,0,0,0,0,0
11983   ,1,0,3,0,0,0,7,8,0,0,19
12546   ,0,0,3,0,0,6,0,0,0,0,9
14069   ,1,0,0,4,0,6,0,0,9,0,20
12682   ,1,0,0,0,5,0,0,0,0,0,6
13511   ,1,2,0,0,5,0,7,0,0,0,15
9114   ,0,0,0,4,0,6,0,0,9,0,19
12145   ,0,0,3,4,0,0,0,0,9,0,16
10494   ,0,2,0,4,5,0,0,0,0,0,11
10144   ,0,2,0,0,0,6,7,0,0,0,15
11616   ,0,0,0,0,5,0,7,0,9,0,21
14003   ,0,0,0,0,0,0,0,0,9,10,19
14091   ,0,0,3,0,0,0,0,0,9,10,22
10785   ,0,0,0,4,0,0,0,8,0,10,22
13850   ,1,0,0,0,0,0,0,0,0,0,1
10650   ,1,0,3,0,5,0,0,0,9,0,18
9010   ,0,0,0,0,0,0,0,0,9,0,9
11496   ,0,0,0,0,0,6,0,0,9,10,25
14338   ,0,0,0,0,0,0,7,8,0,10,25
12587   ,0,0,3,4,5,0,7,8,9,10,46
14009   ,0,0,0,0,0,0,0,0,9,0,9
9040   ,0,0,3,0,0,0,7,0,0,0,10
13311   ,0,0,3,0,5,0,0,0,0,0,8
12531   ,0,2,3,0,5,0,0,8,9,0,27
9955   ,0,2,0,0,0,6,0,0,0,0,8
8841   ,0,2,0,4,0,0,7,8,0,0,21
10125   ,0,0,3,0,0,0,7,8,0,10,28
13693   ,1,0,0,0,5,0,0,0,0,0,6
9398   ,0,0,0,0,5,0,0,8,0,10,23
10497   ,0,0,3,0,0,0,0,0,0,0,3
12120   ,0,0,3,0,0,0,0,0,0,10,13
8974   ,0,0,0,0,0,0,0,0,0,0,0
13515   ,1,0,3,0,5,0,7,8,0,0,24
13463   ,0,0,0,0,0,0,7,8,0,0,15
13044   ,0,0,0,4,0,0,7,0,0,0,11
13643   ,0,2,0,0,0,6,0,0,0,0,8
9954   ,0,0,3,0,0,0,0,8,0,0,11
12065   ,0,0,0,0,0,0,0,8,9,0,17
13877   ,0,0,0,4,0,0,0,0,0,0,4
10304   ,0,0,3,0,0,6,0,8,9,0,26
11769   ,0,0,0,4,0,0,0,0,0,0,4
14073   ,0,0,0,0,0,0,0,0,9,0,9
13690   ,0,2,0,0,0,6,0,0,0,0,8
11660   ,0,2,0,4,0,0,0,8,0,10,24
11967   ,0,0,0,0,5,0,7,0,0,0,12
12551   ,0,2,0,0,0,0,0,0,0,0,2
13303   ,1,0,0,0,0,0,0,0,9,0,10
10343   ,1,2,0,4,5,0,0,0,9,10,31
12678   ,0,0,3,0,0,6,0,0,0,0,9
9333   ,1,0,0,0,0,0,0,8,0,10,19
8955   ,0,0,3,0,0,0,0,0,9,10,22
12661   ,0,2,0,4,0,0,7,0,9,0,22
13065   ,0,0,0,0,5,0,0,0,0,10,15
10949   ,0,0,0,0,0,0,7,0,0,10,17
12810   ,0,2,3,0,0,0,0,0,9,10,24
10131   ,1,2,0,4,0,0,7,0,0,0,14
9377   ,0,0,0,4,0,6,0,0,0,0,10
8443   ,0,0,0,4,5,0,0,8,0,0,17
13406   ,0,0,0,0,0,0,7,8,0,0,15
14246   ,0,0,0,0,0,6,0,8,0,0,14
9921   ,0,0,0,0,0,0,0,0,9,0,9
13840   ,0,0,0,4,0,6,7,0,0,0,17
11649   ,0,2,0,4,5,6,0,8,0,0,25
13600   ,0,2,3,0,5,0,7,0,0,0,17
8591   ,0,0,3,0,0,6,0,0,0,0,9
11136   ,0,0,0,0,0,6,0,0,0,0,6
12045   ,0,0,0,0,5,0,0,0,0,10,15
8690   ,0,2,0,0,0,0,0,0,9,10,21
11847   ,0,0,0,0,0,0,7,0,0,0,7
12269   ,0,0,0,4,0,0,0,8,0,10,22
10435   ,0,0,0,0,5,6,0,8,0,10,29
12332   ,0,0,3,0,0,0,0,0,0,10,13
8430   ,0,0,0,0,0,6,0,0,0,10,16
13478   ,0,0,0,4,0,6,0,8,9,0,27
14025   ,0,2,0,4,5,0,0,8,9,10,38
12707   ,0,2,0,4,0,0,0,0,0,10,16
8988   ,0,0,0,0,0,0,0,8,0,0,8
11007   ,0,0,3,0,0,0,0,8,0,0,11
11299   ,1,0,0,0,0,0,0,0,0,0,1
13608   ,0,0,0,0,5,6,0,0,0,0,11
11157   ,0,0,0,0,0,0,0,0,0,0,0
12169   ,0,0,3,0,0,0,7,0,0,0,10
11645   ,0,0,0,0,0,0,0,8,0,0,8
13114   ,0,0,0,0,5,0,0,0,0,10,15
9891   ,0,0,3,0,5,0,0,0,0,0,8
13851   ,0,0,0,0,0,6,7,0,0,0,13
11735   ,0,0,0,0,0,0,0,0,0,0,0
10843   ,0,0,0,0,5,0,7,0,0,0,12
10970   ,0,0,0,4,5,6,0,8,0,0,23
12624   ,0,0,0,0,0,6,0,0,0,0,6
14217   ,0,0,3,0,0,6,0,0,0,0,9
9073   ,1,2,3,0,0,0,0,0,0,10,16
12862   ,0,0,0,0,5,0,0,0,0,0,5
11385   ,0,0,0,0,0,0,0,0,0,0,0
11902   ,0,0,0,0,0,0,0,0,0,0,0
8859   ,0,0,0,0,5,0,7,8,9,0,29
13351   ,0,0,0,0,5,0,0,0,0,0,5
13846   ,0,0,0,4,0,0,0,0,0,0,4
13845   ,0,2,0,0,5,0,0,0,0,0,7
13757   ,0,2,0,0,0,0,0,0,0,0,2
8711   ,0,0,0,0,0,6,0,0,0,0,6
13209   ,0,0,0,0,0,6,7,0,0,0,13
11849   ,0,0,0,0,0,0,0,0,0,0,0
11623   ,0,0,0,0,5,6,0,0,0,0,11
12792   ,0,0,0,0,0,6,0,0,9,0,15
10750   ,0,0,3,0,5,6,0,0,0,10,24
12125   ,1,0,0,0,0,0,0,0,0,10,11
9270   ,0,2,0,0,0,0,7,0,9,10,28
11781   ,0,2,0,0,5,0,0,0,9,0,16
11108   ,1,2,0,4,0,6,0,0,0,10,23
14364   ,1,0,0,0,0,0,0,0,0,10,11
13358   ,0,0,0,4,0,0,0,8,0,0,12
13353   ,0,0,0,0,0,0,7,8,0,10,25
12557   ,0,0,0,0,0,0,7,0,9,0,16
11073   ,1,0,0,0,0,6,7,0,0,0,14
9302   ,0,0,3,4,0,6,0,8,0,0,21
13634   ,0,2,0,0,0,0,0,0,0,0,2
10951   ,1,0,0,0,0,0,0,0,0,0,1
8523   ,1,0,0,0,5,0,0,0,0,0,6
9266   ,0,0,3,0,0,6,0,0,0,10,19
13396   ,0,0,0,4,5,6,0,0,0,10,25
10529   ,0,0,0,4,0,0,0,0,9,0,13
8684   ,1,0,0,0,5,6,7,8,9,0,36
12132   ,0,0,0,4,5,0,7,0,9,0,25
12545   ,0,0,0,0,0,0,7,0,9,10,26
12910   ,0,0,3,4,0,0,0,0,0,0,7
13895   ,0,0,0,0,0,0,7,0,0,0,7
13761   ,0,2,0,4,0,0,0,8,0,0,14
10567   ,0,0,0,0,5,0,0,0,9,10,24
12214   ,0,0,3,0,0,0,0,8,9,0,20
10589   ,0,2,0,0,5,6,0,0,0,0,13
9466   ,1,2,0,0,0,6,7,8,9,0,33
10798   ,0,2,0,0,0,6,0,0,0,0,8
8458   ,0,0,0,0,0,0,0,0,0,0,0
14130   ,1,0,0,0,0,0,0,8,0,0,9
12598   ,0,0,0,0,0,0,7,0,0,0,7
13519   ,0,0,0,4,0,0,0,0,0,0,4
11171   ,0,2,0,4,0,0,0,0,0,0,6
12577   ,1,0,0,4,0,0,0,0,0,0,5
12288   ,0,0,3,0,0,0,0,0,0,0,3
14191   ,0,0,0,0,0,0,0,0,0,10,10
13264   ,0,0,3,0,0,6,7,0,0,0,16
10571   ,0,2,0,0,0,0,0,0,0,0,2
13538   ,0,0,0,0,0,0,0,0,0,0,0
11843   ,0,0,0,0,0,0,0,0,0,0,0
8453   ,0,0,0,4,0,0,0,0,9,0,13
11656   ,0,0,0,0,0,0,0,0,9,0,9
8438   ,0,2,3,0,5,0,0,0,0,0,10
11112   ,0,2,0,0,0,0,0,0,0,0,2
8454   ,1,2,3,0,5,0,0,0,0,0,11
12113   ,1,0,0,0,0,6,0,0,0,0,7
10453   ,0,0,0,0,5,0,0,8,0,0,13
13305   ,0,0,3,4,0,6,0,0,0,0,13
14142   ,0,2,3,0,5,0,0,0,9,0,19
11410   ,1,0,0,0,5,0,0,0,0,0,6
14100   ,1,0,3,0,0,0,0,8,0,0,12
9573   ,0,0,0,0,5,6,0,0,0,0,11
14252   ,0,2,0,0,5,0,7,8,0,0,22
13594   ,0,0,0,0,0,0,0,0,0,10,10
14347   ,0,0,0,4,0,6,7,0,0,10,27
9143   ,1,0,0,0,0,0,0,0,0,10,11
9929   ,0,2,0,0,0,6,0,8,0,10,26
10859   ,0,0,0,0,0,0,0,0,0,0,0
11556   ,0,0,0,0,0,0,0,8,0,0,8
11296   ,0,0,0,4,5,0,0,0,9,10,28
9981   ,0,0,0,0,0,0,0,0,9,0,9
11311   ,0,0,0,0,0,0,0,0,0,0,0
14197   ,0,0,0,0,5,0,7,0,0,0,12
12286   ,0,0,3,0,0,0,0,0,0,0,3
13485   ,1,0,0,0,0,0,0,0,0,0,1
13342   ,0,0,3,4,0,0,7,0,0,0,14
13799   ,1,0,0,0,0,0,0,0,0,0,1
8636   ,0,2,0,0,0,0,7,0,9,0,18
10671   ,0,2,0,0,0,6,0,8,0,0,16
12349   ,1,0,0,0,0,0,0,0,0,0,1
13309   ,0,0,0,0,0,6,0,0,0,0,6
9942   ,0,0,0,0,0,6,7,8,0,0,21
12599   ,0,0,3,0,0,0,0,0,0,0,3
11403   ,1,2,0,0,0,0,0,0,0,10,13
8862   ,0,0,0,0,0,0,0,0,0,0,0
14227   ,0,0,3,4,0,6,0,8,9,0,30
11727   ,1,2,0,0,0,0,0,8,0,0,11
10991   ,0,2,0,0,5,0,0,0,0,10,17
8623   ,0,2,0,4,0,0,0,0,0,0,6
13329   ,0,0,0,0,5,0,0,8,0,10,23
10882   ,1,2,0,0,0,0,7,8,0,0,18
8830   ,1,0,0,0,0,6,0,0,0,10,17
9425   ,0,0,0,0,0,6,0,0,0,0,6
13861   ,1,0,0,0,5,0,0,0,0,10,16
13459   ,0,2,0,0,5,0,0,8,0,10,25
12804   ,0,2,0,0,0,0,0,8,0,0,10
11985   ,0,0,0,0,5,0,0,0,0,10,15
12717   ,0,2,3,0,0,0,0,0,9,0,14
13184   ,0,0,0,0,0,0,7,0,0,0,7
13224   ,0,0,0,0,5,0,0,0,9,0,14
11982   ,0,0,0,0,0,0,7,0,9,10,26
10147   ,1,0,0,0,0,0,0,0,0,0,1
11725   ,0,0,0,0,5,0,7,8,0,10,30
11682   ,0,0,0,0,5,6,7,0,0,0,18
10854   ,0,0,3,0,0,0,0,8,0,0,11
11063   ,0,0,0,0,0,0,0,8,9,0,17
9920   ,0,0,0,0,0,0,0,0,0,0,0
11093   ,0,2,0,0,0,0,0,0,0,10,12
12602   ,0,2,0,0,0,0,0,0,0,0,2
13482   ,1,0,0,4,0,0,0,8,9,10,32
8435   ,0,0,0,0,5,0,0,8,0,0,13
13809   ,0,0,3,0,0,0,7,0,9,0,19
12021   ,1,0,0,4,0,0,0,0,0,0,5
12895   ,0,0,0,0,0,0,0,0,9,0,9
9896   ,1,2,0,4,0,0,0,0,0,0,7
13839   ,0,0,3,0,5,0,7,0,0,0,15
11639   ,0,2,0,0,5,0,7,0,0,0,14
11489   ,0,0,0,4,0,0,0,0,0,10,14
13069   ,0,0,3,0,0,6,0,0,9,10,28
11207   ,0,2,0,0,5,0,0,0,9,10,26
9153   ,0,2,0,0,0,0,0,8,0,0,10
14023   ,0,0,0,4,0,0,7,0,0,0,11
12027   ,0,0,3,0,5,0,7,0,0,0,15
13031   ,0,0,0,4,0,6,0,0,9,0,19
14428   ,1,0,0,0,0,6,0,8,0,0,15
11729   ,1,2,0,4,0,0,0,0,0,0,7
13888   ,0,0,0,0,5,0,0,8,9,0,22
9879   ,0,0,3,0,5,6,7,8,0,0,29
13073   ,0,0,0,0,5,0,0,0,0,0,5
8834   ,0,0,0,4,0,6,0,0,0,10,20
11507   ,1,0,0,0,0,6,0,0,0,0,7
13325   ,0,0,0,0,5,6,7,0,0,0,18
13753   ,1,2,0,0,0,6,0,0,0,10,19
13019   ,0,0,3,0,5,0,0,8,9,0,25
13524   ,0,0,3,4,5,0,0,8,0,0,20
13610   ,0,2,0,0,0,0,0,0,0,0,2
11253   ,0,0,0,4,0,0,0,8,0,0,12
11387   ,1,0,0,0,0,0,7,8,0,0,16
14020   ,0,0,0,0,0,6,0,8,9,0,23
11369   ,0,0,0,0,0,0,7,0,9,0,16
12103   ,1,0,0,4,0,6,0,0,9,0,20
10127   ,0,0,3,0,0,0,0,0,0,0,3
11470   ,0,0,3,0,0,0,7,0,9,10,29
11905   ,0,0,0,0,0,0,0,0,0,0,0
10962   ,0,0,0,0,0,0,0,0,0,10,10
11247   ,0,0,3,0,0,0,7,0,9,0,19
13034   ,0,2,0,4,0,0,0,0,0,0,6
13238   ,0,2,0,0,0,0,0,0,0,0,2
14145   ,0,0,3,0,0,0,7,0,0,0,10
10575   ,1,0,3,0,0,6,0,0,0,0,10
13323   ,1,0,0,4,0,6,0,0,0,0,11
11187   ,0,0,0,0,0,0,0,8,0,0,8
11484   ,1,0,0,0,0,0,0,0,0,10,11
10452   ,1,2,0,0,5,6,0,0,9,0,23
13500   ,1,0,0,4,5,0,0,8,0,0,18
12615   ,1,0,0,4,5,0,0,0,0,0,10
9367   ,0,0,0,4,0,0,0,0,9,0,13
13321   ,0,2,3,0,0,0,0,8,0,0,13
12433   ,1,2,0,4,0,6,0,0,0,0,13
12623   ,0,0,0,0,5,0,7,0,0,0,12
12706   ,0,0,3,0,0,0,0,8,0,0,11
10712   ,0,0,3,0,0,6,0,8,0,0,17
13804   ,0,0,0,0,0,6,0,0,9,0,15
12032   ,0,0,0,0,5,0,0,0,0,0,5
12411   ,1,2,3,4,0,0,0,8,0,0,18
11966   ,0,0,0,0,5,0,0,0,0,10,15
8898   ,1,0,0,0,5,0,0,8,0,10,24
11172   ,0,0,3,0,0,6,0,0,9,10,28
11867   ,0,2,0,0,0,0,7,0,0,0,9
13470   ,0,0,0,4,0,0,0,0,0,0,4
10224   ,0,2,3,4,0,6,0,0,0,0,15
11178   ,0,0,0,4,0,0,0,8,0,0,12
12562   ,0,0,0,4,5,0,0,0,9,0,18
11037   ,0,0,0,0,0,6,7,8,0,0,21
8616   ,0,2,0,0,5,0,0,0,0,10,17
13692   ,0,0,3,0,0,0,0,0,9,0,12
10913   ,0,2,0,0,0,0,7,0,9,0,18
10904   ,0,0,0,4,5,0,0,0,9,0,18
11347   ,1,0,0,4,0,0,7,0,0,0,12
13161   ,0,0,0,4,0,6,0,0,0,0,10
8714   ,0,0,0,4,0,0,0,8,0,0,12
11103   ,0,0,0,0,0,0,0,8,0,10,18
8483   ,0,0,0,0,0,0,0,0,9,0,9
10289   ,0,0,0,0,0,6,0,0,0,0,6
12009   ,1,0,0,4,0,6,0,0,0,10,21
10212   ,1,2,0,0,0,0,0,8,0,0,11
11931   ,1,0,0,0,0,0,0,8,9,0,18
9296   ,1,0,0,0,0,0,0,0,0,10,11
10547   ,0,0,0,0,5,0,0,8,0,0,13
12837   ,1,0,0,0,5,0,7,0,0,0,13
14177   ,0,2,0,0,5,0,0,8,9,0,24
13059   ,0,0,0,4,0,6,0,0,0,0,10
13056   ,0,2,0,0,0,0,0,0,0,0,2
11418   ,0,0,0,0,0,0,0,0,0,0,0
13123   ,0,0,0,0,0,6,7,0,0,0,13
9938   ,0,0,0,0,5,0,0,8,0,0,13
13931   ,0,0,0,0,5,0,0,8,9,0,22
14059   ,0,2,3,0,0,0,0,8,0,0,13
9292   ,0,0,0,4,5,0,0,0,0,0,9
13823   ,0,0,0,0,0,0,7,0,0,0,7
11325   ,0,2,3,0,0,0,0,0,0,0,5
11665   ,0,2,0,0,5,0,0,8,0,0,15
12714   ,0,0,3,4,0,0,0,0,0,0,7
12740   ,0,2,0,0,0,0,0,0,0,0,2
13923   ,0,0,0,0,0,0,0,0,0,0,0
11482   ,0,0,3,0,0,0,0,0,9,0,12
9279   ,0,0,0,0,0,0,0,0,0,0,0
13002   ,0,2,0,0,0,6,7,0,9,0,24
8661   ,0,0,3,0,0,0,0,0,0,0,3
11866   ,0,2,0,0,0,6,0,0,0,0,8
12221   ,0,0,0,4,5,0,0,0,0,10,19
11827   ,1,0,0,0,0,0,0,0,0,10,11
13172   ,1,2,0,0,0,0,0,0,0,0,3
11658   ,1,2,0,0,5,0,0,0,0,0,8
12569   ,0,0,0,0,5,0,0,8,0,10,23
14263   ,0,0,0,0,0,0,0,8,9,0,17
13082   ,0,2,0,0,0,0,0,0,9,0,11
13162   ,0,2,3,0,0,0,0,0,0,0,5
13326   ,0,0,3,0,0,0,0,0,0,10,13
8837   ,0,0,0,0,5,0,7,0,0,0,12
14363   ,0,0,0,0,0,0,0,0,0,10,10
13077   ,0,0,3,0,0,0,7,0,9,0,19
11290   ,0,0,0,0,0,0,0,0,9,0,9
8665   ,0,2,3,0,0,6,0,8,9,0,28
14038   ,0,0,3,0,0,0,0,8,9,0,20
10723   ,1,0,3,4,0,6,0,8,0,0,22
11370   ,0,2,0,0,5,0,0,0,9,0,16
8485   ,0,0,3,4,5,0,0,0,0,0,12
13435   ,0,0,0,0,0,0,0,0,0,0,0
11868   ,1,0,0,0,0,0,0,8,0,0,9
13788   ,0,0,3,0,0,0,0,0,0,0,3
11574   ,1,0,0,0,0,6,0,0,9,0,16
14329   ,1,2,3,0,0,6,7,8,0,10,37
14098   ,0,2,0,0,0,0,0,0,9,10,21
13283   ,0,0,0,0,0,6,0,0,0,10,16
12875   ,1,0,0,4,0,0,0,0,0,0,5
13375   ,1,0,0,0,5,0,0,0,0,0,6
13062   ,1,0,0,4,0,6,7,0,0,10,28
12295   ,0,0,0,0,0,6,0,0,0,0,6
13092   ,0,0,0,4,5,0,7,0,0,0,16
13653   ,0,0,0,4,5,0,0,0,0,0,9
13559   ,0,2,0,4,5,0,7,0,0,10,28
12866   ,0,0,0,0,0,6,0,0,0,10,16
10093   ,1,0,0,0,5,6,0,0,0,10,22
12689   ,0,0,0,0,0,0,0,8,0,0,8
11438   ,0,0,0,0,0,0,0,8,0,10,18
13364   ,0,0,0,0,0,0,0,0,9,0,9
13879   ,0,0,3,0,0,0,0,8,0,0,11
12876   ,0,0,0,4,0,0,7,0,9,0,20
11815   ,0,0,0,0,0,0,0,0,0,10,10
12872   ,0,2,0,0,0,0,0,8,0,0,10
9518   ,0,0,0,0,0,0,0,0,0,0,0
10710   ,0,0,0,0,0,0,0,0,9,0,9
10981   ,0,0,3,0,5,0,0,0,0,0,8
12825   ,1,0,0,4,5,0,0,0,0,0,10
10476   ,1,0,3,0,0,0,7,0,0,0,11
14249   ,0,0,0,0,0,6,0,0,0,0,6
12540   ,0,0,0,0,0,0,7,0,0,0,7
10000   ,0,0,0,4,5,0,7,0,9,10,35
12250   ,0,2,0,4,0,0,0,0,0,0,6
13657   ,0,0,3,0,0,0,0,0,0,0,3
8478   ,0,0,0,0,0,0,0,0,0,0,0
13927   ,1,0,0,0,5,0,0,0,0,0,6
12319   ,0,0,3,0,5,6,7,0,0,10,31
11399   ,0,0,0,0,0,0,0,0,9,0,9
14344   ,0,0,0,0,5,0,0,0,0,0,5
10280   ,0,0,0,4,0,0,7,0,0,0,11
13285   ,1,2,0,0,5,6,0,8,9,10,41
13336   ,0,0,0,0,0,0,0,8,0,0,8
10439   ,0,0,0,0,0,0,0,0,9,0,9
13292   ,0,0,0,4,5,0,0,0,9,10,28
14146   ,0,2,0,0,0,0,0,8,0,0,10
13341   ,0,0,3,4,0,6,7,0,0,0,20
12886   ,0,2,3,0,0,0,7,8,0,0,20
11647   ,0,0,3,0,0,0,0,0,9,0,12
8511   ,1,0,0,0,0,0,0,0,0,10,11
9012   ,0,0,3,0,0,0,0,0,0,0,3
11584   ,0,0,0,4,0,0,7,0,0,10,21
9943   ,1,2,0,0,0,0,0,0,0,0,3
13379   ,0,0,3,0,0,0,0,0,0,0,3
12344   ,0,0,3,0,0,0,7,0,9,0,19
9301   ,1,2,3,0,0,0,0,8,0,0,14
10897   ,1,2,3,0,0,0,7,0,0,0,13
11742   ,0,2,3,0,0,0,7,0,0,0,12
14214   ,0,2,0,4,0,0,0,0,0,0,6
11499   ,0,2,0,0,5,0,0,0,9,0,16
11133   ,0,0,0,4,5,6,0,0,0,0,15
13868   ,0,2,3,4,0,0,0,0,0,10,19
10824   ,1,0,0,0,5,0,7,8,9,0,30
10135   ,0,0,0,0,0,0,0,8,0,0,8
10489   ,0,0,0,4,0,6,0,0,9,0,19
11958   ,0,0,3,0,0,6,0,8,0,0,17
8575   ,0,2,0,0,0,0,0,0,0,0,2
10284   ,0,0,0,4,0,0,0,8,0,10,22
10565   ,0,2,3,0,0,0,7,0,0,0,12
9428   ,1,2,0,0,5,0,0,8,0,0,16
10314   ,0,0,0,0,0,0,0,0,0,0,0
14416   ,0,0,0,0,0,0,0,8,0,10,18
14138   ,0,0,0,4,0,6,7,0,0,0,17
10448   ,0,0,0,0,0,0,0,8,0,10,18
12888   ,0,0,0,0,5,0,0,0,9,10,24
11566   ,0,0,3,0,0,0,0,0,0,0,3
11688   ,0,0,0,4,0,0,0,8,0,10,22
12851   ,0,2,3,0,5,6,0,8,0,0,24
11383   ,0,0,0,0,5,0,0,0,0,0,5
8874   ,0,0,0,0,0,0,0,8,0,0,8
13247   ,0,2,0,0,0,6,0,8,0,0,16
11391   ,0,0,0,0,0,0,7,0,0,0,7
10100   ,1,2,0,4,0,0,7,0,0,0,14
10959   ,0,2,0,0,0,0,7,8,9,0,26
14422   ,0,0,3,0,5,0,0,0,0,10,18
12735   ,1,2,0,0,0,0,0,0,0,0,3
12742   ,0,0,0,0,0,0,7,8,0,0,15
12781   ,0,0,0,0,0,0,0,8,0,0,8
13655   ,0,2,3,0,0,0,0,0,0,0,5
12241   ,0,2,3,0,0,0,0,0,0,0,5
9086   ,0,2,0,0,0,0,0,0,0,0,2
12206   ,0,2,0,4,0,0,7,0,0,0,13
12673   ,0,0,3,0,0,6,7,8,9,10,43
11448   ,0,0,3,0,0,0,7,0,9,10,29
8622   ,0,2,3,4,0,0,0,0,0,0,9
12890   ,0,0,3,0,5,6,7,0,0,0,21
10087   ,0,0,0,4,0,0,7,0,0,0,11
10699   ,0,0,3,0,5,6,0,0,0,0,14
11085   ,0,0,3,0,5,6,7,8,0,10,39
10309   ,0,0,0,0,5,6,7,0,0,0,18
9283   ,0,0,0,0,5,0,0,8,0,10,23
13865   ,0,0,0,4,0,0,0,0,9,0,13
12745   ,1,0,0,0,0,0,0,0,0,0,1
12144   ,0,2,0,0,0,0,7,0,0,0,9
12613   ,1,0,0,0,0,0,0,8,0,10,19
10855   ,0,0,3,4,5,0,0,8,9,0,29
9146   ,0,2,0,0,0,0,0,0,0,0,2
13625   ,0,2,0,0,0,0,0,0,0,0,2
11003   ,0,0,0,0,0,6,0,0,0,0,6
11882   ,1,0,3,0,0,0,0,0,0,10,14
13376   ,0,0,0,0,0,6,0,0,0,0,6
13090   ,0,0,3,0,0,6,0,0,0,0,9
11813   ,1,0,0,0,0,0,0,0,9,0,10
11992   ,0,0,3,0,0,0,0,8,0,0,11
9384   ,0,0,0,4,0,0,0,8,0,10,22
11380   ,0,0,3,4,5,0,0,0,9,10,31
10829   ,0,0,0,4,5,0,7,8,0,10,34
12653   ,0,2,3,4,0,0,7,8,0,0,24
12688   ,1,0,0,0,5,0,0,0,0,10,16
13179   ,0,0,0,0,0,0,0,8,0,0,8
8593   ,1,0,0,0,5,0,0,0,0,0,6
11444   ,0,0,0,0,5,6,0,0,0,0,11
10106   ,0,2,0,0,0,0,7,0,0,0,9
13239   ,1,0,0,0,5,0,0,8,0,0,14
14056   ,0,0,3,4,0,0,0,8,0,0,15
13166   ,0,0,0,0,5,0,7,8,0,10,30
10378   ,0,2,3,0,5,0,0,0,0,0,10
13385   ,0,0,0,0,0,0,7,0,0,10,17
13621   ,0,0,0,0,0,6,0,0,0,0,6
13116   ,0,0,3,0,0,0,7,0,0,0,10
9552   ,1,0,0,0,5,0,0,8,0,0,14
14133   ,0,0,0,0,0,0,7,0,0,0,7
11848   ,0,0,3,4,5,6,0,0,0,0,18
11944   ,0,0,0,0,0,0,7,0,0,10,17
12603   ,1,0,3,0,0,6,0,0,0,0,10
11527   ,1,0,0,0,0,6,0,0,0,0,7
13361   ,0,2,0,0,0,0,7,0,0,0,9
12415   ,0,2,0,0,5,6,0,0,0,10,23
11109   ,1,0,3,4,5,6,0,0,0,0,19
14210   ,0,2,0,4,0,0,0,8,0,10,24
13016   ,0,0,0,4,5,0,7,0,0,10,26
13170   ,0,0,0,0,0,6,7,0,9,10,32
14368   ,0,0,3,4,5,0,0,8,9,0,29
13650   ,0,0,0,0,0,0,0,0,0,10,10
8626   ,0,0,0,0,0,0,0,0,0,0,0
8642   ,0,0,3,0,0,0,0,8,0,0,11
11541   ,1,0,0,4,0,0,0,0,9,0,14
13324   ,0,2,0,0,5,0,0,0,0,0,7
12746   ,1,0,3,0,0,0,0,0,0,0,4
14065   ,0,0,0,0,5,0,0,0,0,0,5
13279   ,0,0,0,4,0,6,0,0,0,0,10
11734   ,0,0,0,0,0,6,0,0,9,0,15
11441   ,0,0,0,0,0,6,0,0,9,10,25
13066   ,0,0,0,0,5,0,0,0,0,0,5
12115   ,0,0,3,0,0,0,7,8,0,10,28
8666   ,0,0,0,0,5,6,0,0,0,10,21
10619   ,0,0,0,4,0,0,0,8,0,10,22
11031   ,1,0,3,0,0,0,7,0,0,10,21
11670   ,0,0,0,4,0,0,7,0,9,10,30
11518   ,0,2,3,4,0,6,7,0,0,0,22
12687   ,0,0,0,0,0,0,0,0,0,0,0
11307   ,0,0,3,0,0,0,0,0,0,0,3
8938   ,0,0,0,0,0,0,7,8,0,0,15
13330   ,0,0,0,0,0,0,7,8,9,0,24
10942   ,0,0,0,0,0,0,7,0,0,0,7
9306   ,0,2,0,4,0,0,7,0,0,10,23
11282   ,0,0,3,0,0,0,0,8,0,10,21
11988   ,0,2,0,0,0,0,0,0,0,10,12
12627   ,0,0,3,0,5,0,0,8,9,0,25
12289   ,1,0,0,0,0,0,7,8,0,0,16
13253   ,0,0,3,0,5,6,7,0,9,0,30
11094   ,0,2,3,0,0,0,7,8,9,0,29
10316   ,0,0,0,0,0,6,0,0,0,0,6
9099   ,1,2,0,4,0,0,7,8,0,0,22
10831   ,0,0,0,0,0,0,0,0,9,10,19
13296   ,0,2,3,4,5,0,0,8,9,0,31
11563   ,0,2,3,4,0,0,0,8,0,0,17
12621   ,1,2,0,4,0,6,0,8,0,10,31
12373   ,0,0,0,4,0,6,7,8,9,0,34
13665   ,0,0,0,0,5,0,0,0,0,10,15
14113   ,0,0,0,0,0,6,0,0,0,0,6
11856   ,0,0,0,4,5,0,0,8,0,10,27
12559   ,0,0,3,0,0,6,0,0,9,0,18
9056   ,0,0,0,0,0,0,0,0,0,0,0
10477   ,1,0,0,4,5,0,0,0,0,0,10
12261   ,0,0,0,0,0,0,0,0,0,0,0
10718   ,0,0,0,0,0,0,0,0,9,10,19
11821   ,0,0,3,0,0,6,0,0,0,0,9
13864   ,0,2,0,4,5,0,0,0,0,0,11
14316   ,0,0,3,4,5,0,7,0,0,10,29
14044   ,0,0,0,0,0,0,0,0,9,0,9
12106   ,0,0,0,0,0,0,0,0,0,0,0
9373   ,1,0,0,0,5,0,7,8,0,0,21
12277   ,1,2,0,0,0,0,7,0,0,0,10
11653   ,0,0,0,0,5,0,0,8,0,0,13
13834   ,1,2,0,0,5,6,0,0,0,0,14
10586   ,0,0,0,0,0,0,7,0,0,0,7
9110   ,1,0,0,0,0,0,0,8,0,0,9
9933   ,0,0,0,4,0,0,7,0,0,0,11
12691   ,0,0,0,0,5,6,0,0,0,0,11
13271   ,0,0,0,4,5,0,0,8,9,0,26
9925   ,0,0,0,4,5,0,7,0,0,10,26
10271   ,0,0,3,0,0,6,7,0,0,10,26
9262   ,1,2,0,4,0,0,0,0,0,0,7
12400   ,1,2,0,4,0,0,0,8,0,0,15
10120   ,1,0,0,0,0,0,0,0,0,0,1
11515   ,0,0,0,4,0,0,7,0,0,0,11
10441   ,0,0,0,0,0,0,7,0,0,0,7
13373   ,0,2,3,4,0,6,0,8,0,10,33
10576   ,0,0,0,0,5,0,0,0,9,10,24
8519   ,0,0,0,0,0,6,0,0,0,0,6
8566   ,0,0,0,0,0,6,0,0,0,0,6
8907   ,0,0,0,0,5,0,0,0,0,0,5
11180   ,0,2,0,0,0,6,0,8,0,0,16
11629   ,0,0,3,4,0,0,7,8,0,0,22
11246   ,0,0,0,0,5,0,0,0,0,0,5
10926   ,1,0,0,0,0,0,0,0,0,0,1
11388   ,0,2,0,4,0,0,0,0,0,0,6
13512   ,0,2,0,0,0,6,0,0,0,0,8
11362   ,0,0,3,0,0,0,0,0,9,10,22
13197   ,1,0,0,0,0,6,0,0,9,0,16
13337   ,1,2,0,4,0,6,7,0,0,0,20
13589   ,0,0,3,0,0,6,0,0,0,0,9
11948   ,0,0,0,0,0,0,7,0,0,0,7
13023   ,0,0,0,0,0,6,0,0,0,0,6
11283   ,0,0,0,0,0,6,0,8,0,0,14
10928   ,0,0,0,0,0,6,0,8,0,0,14
9468   ,0,2,3,0,0,0,0,0,0,0,5
10943   ,0,0,0,4,5,0,7,8,0,0,24
11592   ,0,0,0,0,0,0,0,0,0,10,10
9275   ,1,2,0,4,5,0,7,0,9,10,38
14096   ,0,0,0,0,0,0,0,0,9,0,9
12733   ,0,2,0,0,0,0,0,0,0,0,2
8717   ,0,0,0,0,0,0,0,0,9,0,9
11755   ,1,2,0,0,0,6,7,0,0,0,16
13819   ,0,0,0,0,0,0,0,0,9,10,19
8691   ,0,0,3,0,0,0,0,0,0,10,13
12780   ,0,0,0,0,5,6,0,0,0,0,11
10725   ,0,0,3,0,0,0,0,0,0,0,3
13562   ,0,0,0,0,0,0,0,0,0,0,0
13831   ,1,0,3,0,0,0,7,0,0,0,11
13422   ,0,0,0,4,5,6,0,0,0,0,15
11879   ,1,0,3,0,0,0,0,0,0,10,14
12772   ,0,0,0,0,0,0,0,0,9,0,9
13096   ,0,0,0,0,0,0,0,0,0,0,0
10874   ,0,0,3,4,0,6,0,0,0,0,13
10695   ,0,0,3,0,0,0,0,0,0,10,13
11635   ,1,0,0,0,0,0,7,0,0,10,18
11057   ,0,0,3,0,0,0,0,0,0,0,3
10885   ,0,2,3,0,0,0,0,0,0,10,15
11715   ,0,0,3,4,5,0,0,0,0,0,12
12384   ,0,2,0,4,0,0,0,8,0,0,14
13579   ,0,2,0,0,0,0,0,0,9,10,21
10238   ,1,0,0,0,0,0,0,8,0,0,9
9404   ,0,2,0,0,5,0,0,8,0,0,15
9437   ,0,0,0,0,0,0,0,8,0,0,8
13390   ,0,0,0,0,5,0,0,0,0,10,15
11613   ,0,2,0,4,0,0,7,8,0,0,21
10736   ,0,0,0,0,0,0,0,0,0,0,0
11396   ,0,2,0,0,5,6,0,0,0,0,13
12525   ,0,0,0,4,0,0,0,0,0,0,4
13231   ,0,0,3,0,0,0,0,0,9,0,12
10969   ,0,0,0,0,0,6,0,0,0,0,6
12196   ,1,2,0,0,0,0,0,0,9,0,12
13815   ,0,0,0,0,0,0,0,8,0,0,8
13141   ,0,0,0,4,5,0,0,0,0,0,9
14084   ,0,0,0,4,0,0,7,8,9,0,28
10957   ,0,0,0,0,0,6,7,0,0,0,13
14386   ,0,0,0,0,5,0,0,0,0,0,5
10149   ,0,0,0,4,5,0,0,8,9,0,26
14041   ,0,0,0,0,5,0,7,0,0,10,22
12737   ,0,0,0,0,5,6,0,8,0,0,19
8536   ,1,2,0,0,5,0,0,0,0,10,18
10055   ,0,2,0,0,5,0,0,8,0,0,15
11800   ,0,0,0,0,5,0,0,8,0,10,23
8515   ,1,2,0,4,0,0,0,0,0,0,7
10290   ,1,0,0,0,0,6,0,0,9,0,16
10109   ,1,0,3,4,5,0,0,0,0,0,13
10729   ,1,2,3,4,0,0,0,0,0,0,10
11394   ,0,2,0,0,0,0,0,8,9,0,19
14434   ,1,2,0,0,0,6,0,8,0,0,17
11216   ,0,2,0,0,5,0,7,0,0,0,14
12636   ,0,0,0,0,0,0,7,0,0,0,7
13502   ,1,2,0,0,0,0,0,0,9,0,12
9539   ,0,0,0,4,5,6,0,0,0,0,15
14068   ,1,0,0,0,0,0,0,0,0,0,1
12774   ,1,2,0,0,0,6,0,0,9,0,18
8719   ,0,0,3,4,0,0,7,0,0,0,14
8461   ,0,0,0,0,0,0,0,0,9,0,9
9584   ,0,0,0,0,0,0,0,0,9,10,19
8570   ,0,0,0,0,0,6,7,0,0,10,23
11817   ,1,2,0,0,0,0,0,8,9,0,20
11851   ,1,0,3,0,0,0,0,0,0,10,14
10406   ,0,0,3,0,0,0,0,0,9,0,12
12249   ,0,0,0,0,5,0,0,8,0,0,13
12600   ,1,0,0,0,5,0,0,8,9,0,23
12207   ,0,0,0,0,0,0,0,0,0,10,10
9400   ,0,2,0,4,0,0,0,0,9,0,15
13315   ,1,2,0,0,0,0,0,0,9,0,12
10955   ,0,0,0,0,0,0,7,0,0,0,7
14115   ,0,0,0,0,0,6,0,0,0,0,6
11467   ,1,0,0,4,0,6,0,8,0,0,19
9461   ,0,0,0,0,0,0,0,8,9,0,17
8517   ,0,0,0,0,0,0,7,0,0,0,7
13494   ,1,2,3,0,0,0,7,0,9,0,22
14402   ,0,2,0,4,0,0,0,8,0,0,14
10879   ,0,2,0,0,5,0,0,0,0,0,7
11662   ,0,2,0,0,0,0,0,8,9,0,19
12035   ,0,0,3,0,0,0,7,8,9,0,27
14136   ,0,0,0,4,0,6,0,0,0,0,10
10110   ,0,0,3,0,5,0,7,0,0,0,15
11341   ,1,2,0,0,0,6,0,0,0,0,9
9986   ,0,2,3,4,5,0,0,0,0,0,14
11678   ,0,2,0,4,5,6,0,8,0,0,25
9399   ,0,2,0,0,0,0,0,0,9,0,11
11792   ,1,2,3,0,0,0,0,0,0,10,16
10673   ,0,0,0,0,0,0,0,0,0,0,0
12405   ,0,0,0,0,0,6,0,0,0,0,6
9470   ,1,0,0,0,5,0,0,0,0,0,6
13417   ,0,0,0,0,5,0,0,0,0,0,5
10028   ,0,0,0,0,0,0,0,0,0,0,0
10067   ,0,0,3,4,0,6,0,0,0,10,23
11191   ,0,0,0,0,0,6,0,0,9,10,25
14190   ,0,0,0,0,0,0,7,0,0,0,7
14325   ,0,0,0,0,0,0,0,0,9,0,9
11626   ,0,0,0,4,0,0,0,0,0,0,4
8465   ,0,0,3,4,0,6,7,8,0,0,28
9005   ,0,0,0,4,0,0,0,0,0,0,4
13793   ,0,2,3,0,0,6,7,8,9,0,35
10719   ,1,0,0,4,0,0,0,0,0,0,5
9950   ,0,0,0,4,0,0,7,8,0,0,19
12178   ,0,2,0,0,5,0,0,8,0,0,15
13882   ,1,0,0,4,5,0,7,0,0,0,17
9369   ,0,0,0,4,0,0,0,0,0,10,14
14370   ,0,2,3,0,5,0,7,0,9,0,26
9576   ,0,2,0,0,5,6,0,0,0,0,13
13531   ,1,0,3,0,5,0,7,8,0,10,34
13472   ,1,2,0,0,0,0,0,0,0,0,3
14180   ,0,0,0,4,0,0,0,8,0,0,12
14380   ,0,0,0,0,5,6,0,0,0,0,11
8895   ,0,0,0,0,0,0,0,0,0,0,0
12212   ,0,0,3,0,5,0,7,0,0,0,15
10114   ,0,0,0,4,5,6,0,0,0,0,15
12184   ,1,2,3,4,0,0,0,0,0,0,10
12649   ,0,2,3,0,5,0,0,0,0,0,10
9547   ,1,2,3,4,0,0,0,8,0,10,28
12030   ,1,0,0,0,0,0,0,0,0,10,11
10539   ,0,0,0,0,0,0,7,0,0,0,7
10188   ,0,0,0,0,0,0,0,0,0,0,0
9169   ,0,2,0,4,0,0,0,0,0,0,6
10901   ,1,2,0,4,5,0,7,0,0,0,19
10307   ,1,0,0,0,0,0,0,8,0,10,19
12340   ,1,0,3,0,0,0,0,0,0,0,4
12036   ,1,0,0,4,0,6,0,0,0,0,11
11970   ,1,0,0,0,0,0,0,0,9,0,10
10581   ,0,0,0,0,0,6,0,8,0,0,14
12100   ,0,0,0,0,0,0,0,0,0,10,10
12697   ,1,0,0,0,0,0,0,8,0,0,9
11786   ,0,2,0,0,0,0,7,0,0,0,9
13050   ,1,0,3,0,0,6,0,0,0,0,10
11366   ,0,0,0,0,5,0,0,0,9,0,14
11335   ,1,0,0,4,0,6,0,0,0,10,21
11409   ,0,0,0,0,0,0,0,8,0,0,8
12528   ,0,0,0,0,0,0,7,0,0,10,17
12431   ,0,0,3,0,0,0,0,8,9,10,30
11351   ,0,2,0,0,0,0,0,0,9,0,11
13270   ,0,2,0,4,0,0,0,0,0,0,6
8569   ,0,0,3,0,5,0,7,8,0,0,23
9006   ,1,0,0,0,5,6,0,0,0,0,12
12328   ,1,0,0,0,0,0,0,0,0,0,1
13572   ,1,0,0,4,0,0,0,0,0,0,5
11096   ,0,0,0,0,5,0,7,0,0,0,12
10773   ,0,2,0,0,0,0,7,0,0,0,9
10445   ,1,2,3,0,0,0,0,0,0,0,6
11479   ,0,0,0,4,5,6,0,0,0,0,15
10140   ,0,2,0,0,0,0,0,0,0,0,2
10239   ,0,0,0,0,0,0,0,0,0,0,0
10967   ,0,0,0,0,0,6,0,0,0,0,6
9557   ,0,2,0,0,0,6,0,0,0,0,8
12210   ,0,2,0,0,5,0,0,0,0,0,7
11568   ,1,0,0,0,0,6,0,8,0,0,15
13870   ,0,0,3,4,5,0,0,8,9,10,39
9990   ,1,2,0,4,0,0,0,0,0,0,7
11705   ,0,0,3,4,5,0,0,0,0,0,12
11373   ,1,0,3,0,5,0,0,0,0,10,19
13067   ,0,0,3,0,0,0,0,0,0,0,3
12611   ,0,0,0,0,5,0,0,0,0,0,5
14081   ,0,0,0,4,0,0,0,0,0,0,4
9507   ,1,0,0,0,0,6,0,0,0,10,17
13919   ,0,2,3,0,5,0,0,0,0,10,20
12075   ,0,0,0,0,0,0,0,0,0,10,10
13411   ,0,2,3,0,0,0,0,8,0,10,23
11153   ,0,0,0,0,5,0,0,8,0,0,13
9996   ,0,0,3,4,0,6,0,0,0,0,13
12676   ,0,0,3,0,5,0,7,0,0,0,15
10954   ,1,0,3,0,0,6,7,0,0,0,17
14171   ,0,0,0,0,0,0,7,0,0,0,7
14168   ,0,0,0,0,0,6,7,0,0,0,13
10922   ,0,0,0,0,0,6,0,0,0,10,16
13394   ,1,2,3,0,0,0,7,0,0,0,13
13120   ,0,2,0,0,0,0,7,0,9,0,18
11475   ,0,2,0,0,0,0,0,0,0,0,2
12873   ,1,2,3,4,0,6,0,0,0,0,16
11668   ,0,2,0,0,0,0,0,0,0,0,2
13776   ,1,2,3,0,0,0,7,0,0,0,13
13835   ,0,2,0,0,0,0,0,0,0,0,2
8901   ,0,2,3,0,5,0,0,0,0,10,20
14124   ,0,0,3,4,5,0,7,8,9,10,46
13673   ,0,0,0,0,5,6,0,0,0,0,11
8632   ,1,2,0,0,0,0,7,0,0,0,10
9962   ,1,2,3,0,0,0,0,0,0,0,6
11577   ,1,0,0,0,5,0,0,0,0,10,16
12058   ,0,0,0,0,0,0,0,0,0,0,0
12865   ,0,0,3,0,0,0,0,0,0,0,3
14057   ,1,0,0,4,0,6,0,0,9,10,30
14332   ,0,0,0,0,5,0,0,0,0,0,5
11229   ,0,2,0,4,5,0,7,0,0,0,18
11861   ,0,0,3,0,5,0,0,0,0,0,8
8915   ,1,0,0,0,0,6,0,0,9,0,16
9537   ,0,0,0,0,0,0,0,0,0,0,0
10756   ,1,0,0,0,0,0,0,8,0,0,9
11803   ,0,0,0,0,5,0,0,0,9,0,14
10254   ,0,0,3,0,0,0,7,0,0,0,10
13143   ,0,0,0,0,0,6,0,0,0,10,16
10640   ,0,0,0,4,0,0,0,0,0,0,4
12164   ,0,0,0,0,0,0,0,0,0,10,10
12777   ,1,0,0,0,0,0,0,8,9,0,18
14046   ,0,2,3,0,0,0,0,0,0,0,5
10183   ,0,2,0,4,0,6,7,8,0,0,27
11060   ,0,2,0,0,0,0,0,0,0,0,2
10161   ,1,0,0,4,0,6,7,0,0,0,18
12532   ,0,2,0,0,0,0,0,0,0,0,2
10386   ,1,0,0,0,0,6,0,8,0,10,25
12590   ,0,0,0,0,5,0,0,8,9,0,22
8598   ,0,2,3,0,5,6,0,0,9,0,25
11797   ,1,0,3,0,0,0,0,8,0,0,12
12020   ,0,0,0,0,0,0,7,0,0,10,17
13153   ,0,0,0,4,5,0,0,0,9,0,18
13781   ,1,0,0,0,5,0,0,0,9,10,25
12869   ,0,0,0,4,5,6,0,0,0,0,15
13661   ,0,2,3,0,0,0,7,0,0,0,12
14218   ,1,0,0,0,5,0,0,0,9,0,15
11137   ,0,2,0,4,5,0,7,0,0,0,18
13801   ,0,0,0,0,0,0,0,0,9,0,9
12366   ,0,0,0,0,0,0,0,0,0,0,0
9057   ,1,0,0,0,0,0,0,0,0,0,1
11840   ,0,0,3,4,5,0,0,8,0,0,20
12017   ,0,0,0,0,0,6,7,8,0,0,21
9299   ,0,0,0,0,0,0,0,0,0,0,0
9343   ,1,0,0,0,0,0,7,8,0,0,16
10564   ,0,2,3,0,0,6,7,0,0,0,18
12584   ,0,0,0,0,0,0,7,0,0,0,7
10914   ,0,2,0,0,0,0,7,0,0,0,9
14051   ,0,0,3,4,0,6,0,0,9,10,32
8840   ,0,0,0,0,5,0,0,0,0,10,15
11064   ,0,0,0,0,0,0,0,0,0,0,0
11354   ,1,0,3,0,0,0,0,0,0,10,14
12244   ,0,0,0,0,5,6,0,0,9,10,30
12362   ,0,0,0,0,0,0,0,0,0,0,0
10392   ,0,0,0,0,0,6,7,0,0,0,13
11504   ,0,0,3,0,0,0,0,8,0,10,21
13213   ,0,0,0,0,0,0,0,0,0,0,0
11286   ,0,0,3,0,5,0,0,0,0,0,8
11017   ,1,2,0,0,0,0,0,0,0,0,3
14010   ,1,0,0,4,0,0,0,0,9,10,24
11501   ,1,0,0,0,0,0,7,0,9,0,17
11571   ,0,2,0,4,0,6,0,0,0,0,12
9900   ,0,0,0,0,5,0,7,8,0,10,30
13628   ,1,0,3,0,0,0,7,0,0,0,11
12619   ,0,0,0,0,0,6,0,0,0,0,6
12387   ,0,0,3,0,0,0,0,0,0,0,3
8707   ,0,0,0,4,0,0,0,0,9,0,13
10425   ,1,2,3,0,5,0,7,8,0,10,36
11772   ,0,0,3,0,5,0,0,8,0,0,16
11900   ,1,0,0,0,0,0,0,0,0,10,11
11314   ,0,0,0,0,0,0,0,0,9,0,9
11993   ,0,0,0,0,0,6,7,0,0,0,13
13039   ,0,0,0,0,0,0,0,0,0,10,10
11984   ,1,0,0,0,0,0,0,0,0,0,1
12138   ,0,2,3,0,5,6,0,0,0,0,16
10732   ,0,0,0,0,0,0,0,0,0,0,0
13702   ,0,0,0,0,0,6,0,0,9,0,15
14166   ,0,0,0,0,5,0,0,0,0,0,5
13223   ,0,0,0,0,5,0,0,0,9,0,14
10545   ,0,2,0,4,5,0,0,8,0,10,29
11941   ,0,0,0,0,5,0,0,8,0,0,13
11260   ,1,0,0,0,0,6,0,0,0,0,7
8602   ,0,0,0,4,0,6,7,0,9,10,36
13497   ,1,2,0,0,0,0,0,8,0,0,11
12237   ,0,0,0,0,0,0,0,8,9,0,17
13774   ,1,0,0,0,5,0,0,8,0,10,24
14254   ,0,2,0,0,0,6,0,0,9,10,27
11279   ,1,0,0,0,0,0,0,0,9,0,10
12052   ,1,0,0,0,0,0,0,0,9,10,20
14192   ,0,2,0,0,0,0,7,0,0,0,9
13591   ,0,0,0,0,0,0,0,0,9,0,9
11272   ,0,0,0,0,5,0,0,8,0,0,13
8693   ,0,0,3,0,5,0,0,0,0,0,8
9592   ,0,0,0,0,0,0,7,0,0,0,7
12690   ,0,2,0,4,0,0,7,0,0,0,13
9050   ,0,0,3,0,5,0,0,0,9,0,17
11322   ,0,0,0,0,5,0,7,8,0,0,20
12517   ,1,2,0,0,0,0,0,8,0,0,11
14185   ,1,2,0,0,0,0,0,8,0,0,11
12175   ,0,0,3,0,5,6,0,0,9,0,23
10633   ,1,0,0,0,5,0,0,0,0,0,6
11463   ,0,2,0,0,0,6,7,0,0,10,25
10964   ,0,0,0,0,5,0,0,0,0,0,5
10698   ,0,0,0,0,0,0,7,8,0,0,15
12133   ,0,0,3,0,0,0,0,0,0,0,3
9045   ,0,0,0,0,0,0,0,8,0,0,8
10389   ,0,0,3,0,0,6,0,0,0,0,9
12294   ,0,0,0,0,0,0,7,0,0,0,7
11679   ,0,0,0,4,0,6,7,0,0,0,17
12173   ,1,0,3,4,0,0,7,0,0,0,15
9098   ,0,0,3,4,5,0,0,0,9,0,21
13847   ,0,0,3,0,0,6,0,8,0,10,27
11220   ,1,0,0,0,0,0,0,0,0,0,1
11774   ,0,0,0,0,0,0,0,0,0,0,0
12429   ,1,0,0,0,0,6,0,0,0,0,7
11308   ,0,2,3,4,0,6,7,0,0,0,22
12840   ,0,0,0,0,0,0,0,0,9,0,9
11964   ,1,0,3,4,0,0,0,0,0,0,8
10707   ,0,0,3,0,0,6,7,0,0,0,16
10286   ,0,0,3,0,5,0,0,0,0,0,8
12117   ,1,2,0,0,0,0,0,8,0,0,11
11888   ,0,2,3,0,0,0,0,0,0,0,5
13267   ,0,0,0,4,0,6,0,8,0,0,18
8530   ,0,0,0,4,0,0,0,0,0,0,4
10325   ,0,0,3,0,0,6,0,0,0,0,9
11125   ,0,0,0,0,0,6,0,0,9,10,25
11015   ,0,0,3,0,5,6,0,0,0,10,24
11921   ,0,2,0,0,0,0,0,0,9,0,11
13676   ,1,0,0,4,5,0,7,0,0,0,17
8432   ,0,0,0,0,0,0,0,0,0,0,0
11914   ,0,0,3,0,5,6,0,0,0,0,14
11749   ,0,0,0,0,0,0,0,8,0,0,8
8489   ,0,0,0,0,0,0,7,8,9,0,24
13454   ,0,2,0,0,5,6,0,0,0,0,13
11972   ,0,0,0,4,5,6,0,0,0,0,15
9036   ,0,0,0,0,5,0,0,0,0,0,5
14357   ,1,0,0,0,0,0,0,0,0,0,1
8630   ,0,0,0,0,0,0,0,8,9,0,17
8831   ,0,0,0,0,0,0,0,0,0,0,0
10189   ,0,0,0,0,0,0,0,0,0,10,10
13908   ,0,0,0,0,0,0,7,8,0,0,15
11483   ,1,0,0,0,0,0,0,8,0,0,9
13103   ,0,0,3,0,0,0,0,0,0,0,3
10542   ,0,2,0,0,0,0,0,0,0,0,2
10057   ,0,2,0,0,0,0,0,8,0,0,10
8729   ,0,0,0,4,5,6,0,0,9,0,24
8979   ,1,0,3,0,5,0,0,0,0,0,9
11123   ,0,0,0,4,0,6,0,0,0,0,10
11812   ,1,0,0,4,0,6,7,0,0,0,18
13696   ,0,0,0,0,0,6,0,0,9,0,15
9149   ,0,0,0,0,0,0,0,0,0,0,0
8973   ,1,0,0,0,0,0,0,8,0,0,9
10804   ,0,0,0,0,5,0,0,0,0,0,5
12713   ,1,2,0,0,0,0,0,0,0,10,13
11754   ,0,0,3,0,5,0,7,0,0,10,25
13151   ,0,0,0,0,0,0,7,0,0,10,17
12591   ,1,0,3,4,0,0,7,0,0,0,15
8727   ,1,0,0,0,0,0,0,0,0,0,1
9580   ,0,0,0,0,0,0,0,0,0,0,0
13147   ,0,2,0,4,0,6,0,8,0,0,20
10562   ,1,0,0,0,0,0,0,0,0,0,1
14429   ,1,2,3,4,5,0,7,0,0,0,22
14221   ,0,0,0,0,0,0,0,0,0,0,0
8559   ,1,0,3,0,0,0,7,0,9,0,20
10654   ,1,0,0,0,5,0,0,0,0,0,6
14406   ,1,0,0,0,0,0,0,0,0,0,1
9568   ,0,2,0,0,0,0,0,8,0,0,10
14335   ,0,0,0,0,0,6,7,8,0,0,21
12353   ,0,0,0,0,0,6,0,0,9,0,15
13219   ,0,2,0,4,5,0,0,0,0,0,11
11066   ,0,0,0,0,0,0,0,8,0,0,8
13806   ,1,0,0,0,5,0,7,0,0,10,23
14076   ,0,0,0,0,5,0,0,0,0,0,5
10610   ,0,2,0,0,5,6,0,0,0,0,13
12390   ,1,2,3,0,0,0,0,8,0,10,24
14427   ,0,2,0,0,0,0,0,8,9,0,19
13682   ,0,0,0,0,0,0,0,0,0,0,0
12424   ,0,0,0,4,0,0,7,0,0,0,11
12015   ,0,0,0,4,0,0,0,0,0,0,4
10534   ,0,0,0,4,0,6,0,0,0,0,10
12066   ,0,0,0,0,0,0,0,8,9,0,17
12134   ,0,0,3,0,0,0,0,0,0,0,3
13853   ,0,0,3,0,0,0,7,0,0,0,10
10643   ,0,2,0,4,5,0,7,8,0,10,36
12617   ,0,2,0,0,0,0,0,0,9,0,11
12900   ,0,0,3,0,0,6,0,0,0,0,9
14195   ,0,0,0,0,0,0,0,8,9,0,17
8594   ,0,0,3,4,5,0,7,0,0,0,19
11082   ,0,2,0,0,0,0,0,0,0,0,2
9550   ,1,0,3,0,0,6,0,0,0,10,20
9002   ,1,0,0,0,0,0,0,0,0,10,11
8460   ,0,0,0,4,5,6,0,0,0,10,25
9984   ,1,0,0,0,0,0,7,0,0,0,8
13399   ,0,0,0,0,0,0,0,0,0,10,10
13857   ,0,2,3,0,0,0,0,0,0,0,5
13501   ,0,2,0,4,0,0,0,0,0,0,6
11690   ,0,0,0,0,0,0,0,8,0,0,8
12109   ,0,0,0,0,0,6,7,0,0,0,13
13195   ,0,0,0,0,0,0,0,8,0,0,8
9103   ,1,0,3,0,5,6,0,8,0,10,33
10396   ,0,2,0,0,0,0,7,0,0,0,9
13836   ,1,0,0,0,0,6,0,0,0,0,7
11738   ,0,0,3,0,0,0,0,0,9,10,22
12521   ,0,0,0,4,5,0,0,0,9,0,18
12576   ,0,0,0,4,0,6,0,8,9,0,27
11820   ,0,2,0,0,5,0,7,0,0,0,14
9403   ,0,0,0,0,0,0,0,0,0,0,0
9472   ,0,0,0,4,0,0,7,0,0,0,11
8872   ,0,0,0,4,5,0,0,0,0,0,9
10049   ,0,0,0,0,0,0,0,0,0,0,0
9501   ,0,0,0,0,5,0,0,8,0,0,13
10894   ,1,0,0,0,0,0,0,0,9,0,10
12670   ,0,0,0,0,5,0,0,0,0,0,5
12129   ,0,0,0,0,0,0,0,0,9,0,9
13409   ,0,0,3,0,5,0,7,0,0,0,15
10934   ,0,0,3,0,5,0,0,0,0,10,18
9463   ,0,0,0,0,0,0,7,0,9,0,16
12802   ,1,0,3,0,0,0,0,0,0,0,4
13869   ,0,0,0,0,0,0,0,0,9,0,9
10022   ,0,0,0,0,0,0,0,8,0,0,8
9899   ,0,0,3,0,0,0,0,0,0,10,13
10910   ,0,2,0,0,5,0,0,0,0,0,7
14306   ,0,0,0,0,0,0,0,0,9,0,9
13280   ,0,0,3,0,0,0,7,0,0,0,10
10683   ,0,0,0,0,0,0,7,0,9,0,16
8574   ,0,2,0,0,5,6,0,0,0,10,23
9257   ,0,0,0,4,0,0,0,0,0,0,4
13265   ,1,0,0,0,0,0,7,8,0,0,16
12376   ,0,0,0,0,0,0,0,0,9,0,9
14213   ,0,0,0,0,0,6,0,0,0,10,16
10096   ,0,0,3,0,0,6,0,0,9,10,28
12652   ,0,2,0,4,0,0,0,8,0,10,24
12816   ,0,0,0,0,0,6,0,0,0,0,6
9077   ,0,0,3,0,0,0,0,0,9,10,22
10333   ,1,0,3,4,0,0,0,0,0,0,8
13377   ,1,0,3,0,0,0,0,0,0,0,4
13852   ,0,0,3,0,0,6,7,0,0,0,16
9080   ,0,2,3,0,0,0,0,8,0,10,23
14433   ,0,0,0,4,0,0,0,0,0,0,4
9543   ,0,0,0,0,0,0,0,8,0,0,8
10328   ,1,0,3,0,0,6,0,0,9,0,19
14309   ,0,2,0,0,0,0,7,8,0,10,27
12573   ,0,2,3,0,5,0,0,0,0,0,10
13040   ,0,0,3,0,0,6,0,0,0,10,19
13249   ,0,0,0,0,0,6,0,0,0,10,16
8747   ,0,2,0,4,5,0,0,0,0,0,11
9344   ,1,0,0,0,0,0,0,8,0,10,19
10232   ,0,2,0,0,0,0,7,0,0,10,19
13150   ,0,2,3,0,5,6,7,0,9,0,32
13250   ,0,0,3,0,5,0,7,0,9,10,34
11924   ,0,0,0,0,5,0,7,0,0,0,12
13816   ,0,0,3,4,0,0,0,0,0,0,7
10264   ,0,0,0,0,0,0,0,8,9,0,17
13881   ,0,2,0,0,0,0,0,8,0,0,10
9434   ,1,0,0,4,0,6,0,8,0,0,19
11675   ,0,0,0,0,0,6,0,0,0,10,16
11824   ,0,0,0,0,0,0,0,0,0,0,0
11027   ,1,0,0,0,0,0,0,0,0,0,1
14140   ,0,0,0,0,0,0,0,0,9,0,9
12560   ,1,0,0,0,0,6,0,0,0,0,7
13637   ,1,2,0,0,5,0,0,0,0,0,8
11908   ,1,2,0,0,0,0,0,0,0,0,3
14234   ,0,2,0,0,5,0,0,0,0,0,7
13158   ,0,0,0,4,0,0,0,0,9,0,13
13080   ,0,0,3,0,0,0,7,8,0,0,18
11524   ,0,2,3,0,0,0,0,0,0,10,15
13299   ,1,0,0,0,0,0,0,0,0,0,1
11875   ,0,0,0,0,0,0,7,0,0,10,17
12638   ,1,0,0,0,0,0,0,8,0,0,9
8866   ,0,0,0,4,5,0,7,0,9,0,25
9351   ,1,0,0,4,0,0,0,0,9,0,14
11557   ,0,0,0,0,5,0,0,0,0,10,15
11359   ,0,0,3,0,5,0,7,0,9,0,24
8951   ,1,2,0,0,0,0,0,0,0,0,3
10349   ,0,0,0,0,0,0,7,0,9,0,16
8723   ,0,0,0,0,0,0,0,0,0,10,10
12203   ,0,2,0,0,5,6,0,0,9,0,22
13837   ,0,0,0,0,0,0,0,0,0,0,0
10658   ,0,0,0,0,5,6,0,0,9,0,20
10923   ,0,0,0,4,0,0,0,0,0,0,4
12634   ,0,2,0,0,5,6,0,0,0,0,13
10841   ,0,0,0,0,0,6,0,0,9,0,15
10108   ,0,0,0,0,0,0,0,0,0,10,10
13088   ,1,0,0,0,5,0,0,8,9,0,23
8911   ,1,0,0,0,0,0,7,0,9,0,17
14204   ,1,0,3,0,5,0,7,0,0,10,26
9895   ,1,2,0,4,0,6,7,8,0,0,28
13520   ,0,0,0,0,0,6,0,0,0,0,6
14241   ,1,0,3,0,0,0,0,0,9,0,13
10888   ,0,0,3,0,0,0,7,0,0,10,20
9020   ,1,0,0,0,5,0,0,0,9,0,15
10302   ,1,0,3,4,0,6,7,0,0,10,31
12359   ,0,0,0,0,0,0,0,0,0,0,0
9423   ,0,0,0,0,5,0,0,8,0,0,13
8427   ,1,0,0,0,5,6,0,0,9,0,21
12081   ,0,2,0,4,0,6,7,8,0,10,37
13278   ,1,0,0,0,0,0,0,0,9,0,10
11168   ,0,0,3,0,0,0,7,0,0,10,20
9927   ,0,0,0,4,0,6,7,0,0,10,27
13242   ,0,2,0,0,0,0,0,0,0,0,2
13893   ,0,0,0,0,5,0,0,0,0,10,15
12127   ,0,0,0,0,0,6,0,0,9,0,15
9964   ,0,0,0,4,5,6,7,0,0,0,22
12287   ,0,0,3,4,0,0,7,8,9,0,31
12365   ,1,0,3,0,0,0,0,0,9,0,13
10070   ,0,0,3,0,0,0,0,0,0,0,3
11953   ,0,0,0,0,5,0,0,0,9,0,14
12068   ,0,0,0,4,0,6,0,8,9,10,37
10979   ,1,0,3,4,5,6,0,8,9,0,36
11089   ,0,0,0,0,0,0,0,0,9,0,9
13344   ,0,2,0,4,0,0,0,8,0,0,14
13025   ,1,0,3,4,0,0,0,8,0,10,26
14087   ,0,0,0,0,0,0,0,0,9,0,9
12187   ,0,2,0,0,0,0,0,0,9,0,11
10485   ,0,0,0,0,0,0,0,0,0,0,0
12845   ,1,2,0,4,0,0,0,0,0,0,7
14157   ,0,0,0,0,0,0,7,0,0,0,7
11885   ,1,2,0,0,0,0,0,8,0,10,21
9588   ,0,0,3,0,0,0,7,0,0,0,10
8494   ,0,0,0,0,0,0,7,8,9,0,24
9429   ,0,0,3,4,0,6,0,0,9,0,22
11316   ,1,0,3,0,0,0,0,0,0,10,14
13098   ,0,2,3,0,5,0,0,0,0,0,10
10377   ,0,0,3,0,5,0,0,0,9,0,17
12674   ,0,0,0,4,0,0,0,0,0,10,14
11492   ,0,2,0,0,0,0,0,0,0,10,12
12402   ,1,0,0,4,0,6,7,0,9,0,27
11277   ,0,0,0,0,5,0,7,0,0,0,12
12226   ,0,0,0,0,0,0,0,8,0,0,8
12342   ,0,0,0,0,0,0,7,0,0,0,7
11000   ,1,0,0,0,0,0,0,0,0,0,1
9336   ,1,0,0,0,0,0,0,0,9,0,10
11120   ,0,0,0,0,0,0,7,0,9,0,16
11334   ,0,0,0,0,0,6,0,0,0,0,6
10592   ,1,0,3,4,0,0,0,0,0,0,8
11539   ,1,2,3,0,5,0,7,0,0,10,28
14158   ,0,0,0,0,5,0,7,0,0,10,22
10985   ,0,2,3,0,0,6,7,0,0,10,28
12322   ,1,2,3,4,0,0,0,0,9,0,19
12593   ,1,0,0,0,0,0,0,0,0,0,1
11912   ,0,0,0,0,0,0,7,0,0,10,17
9093   ,0,0,3,0,0,0,7,0,0,0,10
11421   ,0,0,0,4,0,6,0,0,0,0,10
11709   ,1,0,3,4,5,6,0,0,9,0,28
10794   ,1,0,0,0,0,0,7,0,0,0,8
13175   ,0,0,0,4,0,0,0,0,0,10,14
14409   ,0,2,3,0,0,0,0,0,0,0,5
12217   ,0,0,3,0,0,0,0,0,9,0,12
13020   ,0,0,3,0,0,6,0,8,0,10,27
13636   ,0,0,0,4,0,0,7,8,9,0,28
13808   ,0,0,3,0,0,0,0,0,0,10,13
9497   ,0,2,0,0,0,0,7,0,0,0,9
9511   ,0,2,3,4,5,0,0,8,0,10,32
14418   ,1,0,3,0,0,0,0,0,0,0,4
13814   ,0,0,0,4,0,0,0,8,0,10,22
10665   ,0,0,0,0,0,6,7,0,9,0,22
12026   ,0,0,3,0,5,6,0,0,9,0,23
13176   ,0,2,0,0,0,6,0,8,9,10,35
13471   ,0,0,0,0,0,0,0,0,9,0,9
14321   ,0,0,3,4,0,6,7,0,0,0,20
11831   ,0,0,3,0,0,6,0,0,0,0,9
10578   ,0,2,0,0,0,0,0,8,9,0,19
10996   ,0,0,0,4,0,0,0,0,9,0,13
13244   ,0,0,0,0,5,6,0,8,0,0,19
13101   ,0,0,0,4,5,0,0,8,9,10,36
13754   ,1,2,0,0,0,6,7,0,0,0,16
14229   ,0,2,0,0,5,0,7,0,0,10,24
12330   ,0,0,3,0,0,0,0,8,9,0,20
12739   ,1,2,0,0,0,6,0,0,9,0,18
13570   ,1,0,0,4,0,6,0,0,0,0,11
12505   ,0,0,0,0,0,0,0,8,9,10,27
12220   ,1,0,0,0,5,0,7,0,0,10,23
10417   ,1,0,3,0,5,6,0,0,0,0,15
10940   ,1,2,0,4,5,0,0,8,9,0,29
12280   ,0,0,0,0,5,0,0,0,0,10,15
12508   ,0,0,3,0,5,6,0,0,0,0,14
13825   ,0,0,0,4,0,0,7,0,0,0,11
11588   ,1,0,0,4,0,0,7,0,0,0,12
10945   ,0,0,0,0,0,0,0,0,0,0,0
11864   ,0,0,0,0,5,0,0,0,9,0,14
14431   ,0,0,0,0,0,0,7,0,0,0,7
12354   ,0,2,0,4,0,0,0,0,0,10,16
10236   ,1,2,3,0,5,0,0,0,0,10,21
12701   ,0,0,0,0,0,0,0,8,0,10,18
11758   ,0,0,3,0,0,6,0,0,0,10,19
11194   ,0,0,0,4,5,0,0,0,0,0,9
11692   ,0,0,0,0,0,6,0,0,9,0,15
10769   ,0,0,0,0,0,6,0,0,0,10,16
10995   ,0,0,0,4,0,0,0,0,0,0,4
13202   ,0,0,3,0,5,0,0,0,0,0,8
13662   ,0,0,0,0,0,6,7,0,0,10,23
12423   ,0,2,0,0,0,6,0,8,9,0,25
12570   ,0,2,0,0,5,0,0,0,9,0,16
10688   ,1,2,3,0,0,0,0,0,0,0,6
10978   ,1,2,0,0,0,0,0,0,0,0,3
10010   ,0,0,0,0,0,0,0,8,0,0,8
13386   ,0,0,0,0,0,0,0,0,9,0,9
8628   ,1,0,3,0,0,6,0,0,0,0,10
11278   ,1,2,0,0,5,0,0,8,0,0,16
13211   ,0,2,0,0,0,0,0,0,0,0,2
10269   ,0,0,3,0,5,0,7,8,0,10,33
11980   ,0,0,3,4,0,0,0,8,0,0,15
13456   ,0,0,3,0,0,6,7,0,0,10,26
10980   ,0,0,0,0,0,0,0,0,0,0,0
9154   ,0,0,0,0,5,6,0,8,0,0,19
13204   ,0,2,0,0,0,0,0,0,9,10,21
10790   ,0,2,0,0,0,6,0,0,0,0,8
11020   ,0,0,0,0,0,6,7,8,0,0,21
13596   ,0,0,0,4,5,0,0,0,0,0,9
12597   ,0,0,0,0,0,6,7,0,0,0,13
13414   ,0,0,0,0,0,0,0,0,9,0,9
12798   ,1,2,3,0,0,0,0,0,0,0,6
10470   ,0,2,0,0,0,0,7,0,9,0,18
8929   ,0,0,0,0,0,0,0,0,0,0,0
12227   ,1,0,3,4,0,0,0,0,0,10,18
9413   ,0,0,0,0,0,0,0,0,0,0,0
8468   ,0,0,0,0,0,0,0,0,0,0,0
10667   ,0,0,0,0,0,0,0,8,0,0,8
13779   ,0,2,0,0,5,6,7,0,0,0,20
14016   ,0,2,3,0,0,0,0,0,0,0,5
11101   ,0,0,0,4,0,6,0,0,0,10,20
9503   ,1,0,3,4,0,6,7,0,0,0,21
13670   ,0,2,3,0,0,0,0,8,9,10,32
13222   ,0,0,3,0,0,0,7,0,0,0,10
11605   ,0,0,0,0,0,0,0,0,0,10,10
11751   ,0,0,0,0,0,0,0,0,0,10,10
11522   ,1,0,0,0,0,0,0,0,0,0,1
12809   ,0,0,0,0,0,6,7,0,0,0,13
10989   ,0,2,0,0,0,0,0,0,9,0,11
13899   ,1,2,0,0,0,0,0,0,0,0,3
13468   ,0,0,3,0,0,6,0,0,9,10,28
8688   ,0,0,0,4,0,0,0,0,9,0,13
13235   ,1,0,0,4,0,0,0,0,9,0,14
9298   ,0,2,3,0,0,0,7,0,9,0,21
11481   ,0,2,0,4,0,0,0,0,0,0,6
12806   ,1,0,3,0,0,0,0,0,0,10,14
11070   ,0,0,0,0,0,0,0,8,0,0,8
9479   ,0,2,3,0,0,0,0,0,9,10,24
10157   ,0,0,3,0,5,6,0,0,0,0,14
11802   ,0,0,0,0,0,0,0,8,0,0,8
10930   ,0,0,0,0,0,0,0,8,0,0,8
13581   ,0,0,0,4,5,0,0,8,0,10,27
12857   ,0,2,0,0,0,6,0,8,9,0,25
10907   ,0,0,0,0,5,0,7,8,9,0,29
10025   ,0,0,3,0,0,0,0,0,9,0,12
11642   ,0,2,0,4,5,6,0,0,0,0,17
11950   ,0,2,0,4,0,0,0,0,0,0,6
14424   ,0,0,0,0,0,0,0,0,9,10,19
10228   ,0,2,0,0,0,0,0,0,0,0,2
14163   ,1,0,0,0,0,0,7,0,0,0,8
8722   ,1,0,0,4,0,0,0,8,0,10,23
12408   ,0,0,0,4,0,0,0,0,0,0,4
10845   ,0,0,0,0,0,0,0,0,0,0,0
13287   ,0,2,0,0,5,0,0,0,0,0,7
10142   ,0,0,3,0,0,0,0,0,0,0,3
8983   ,0,0,3,0,5,0,7,0,0,0,15
8555   ,0,2,3,0,0,0,7,0,9,10,31
9915   ,1,0,0,4,0,6,0,8,0,0,19
14196   ,1,0,0,0,0,0,0,0,0,0,1
8975   ,1,0,0,0,5,0,7,0,0,0,13
9084   ,0,0,3,0,0,0,7,0,9,0,19
9888   ,0,2,0,0,0,0,7,0,0,0,9
9058   ,1,0,0,0,0,0,0,0,0,10,11
13838   ,0,0,0,0,0,0,0,0,0,0,0
13437   ,1,0,0,0,0,0,7,0,0,10,18
11510   ,0,2,0,0,0,6,7,0,0,0,15
11236   ,0,0,0,0,5,6,7,0,0,0,18
13658   ,0,2,0,4,0,0,7,0,0,10,23
12395   ,1,0,0,0,0,0,0,0,0,10,11
11514   ,0,0,0,4,5,0,7,8,9,10,43
13573   ,0,0,0,0,0,6,7,8,0,0,21
9946   ,1,0,3,0,5,6,0,0,0,10,25
12224   ,0,0,3,0,5,6,0,0,9,0,23
13929   ,0,2,3,0,5,6,0,0,0,10,26
10175   ,0,0,0,0,0,0,0,0,0,0,0
10767   ,0,0,0,4,5,0,0,0,0,0,9
11974   ,0,0,0,0,0,0,0,0,0,0,0
14389   ,0,0,3,4,0,0,7,8,0,0,22
13221   ,0,2,3,0,0,0,0,0,9,0,14
12629   ,0,0,0,0,0,0,0,0,0,10,10
10869   ,1,0,3,0,0,0,0,0,0,0,4
12795   ,0,2,0,4,5,0,0,8,9,0,28
13556   ,0,0,0,0,0,0,0,0,0,0,0
9917   ,0,0,0,0,0,0,0,0,0,0,0
10669   ,0,0,0,0,0,0,0,0,0,10,10
10972   ,0,0,0,0,0,0,0,8,0,0,8
13011   ,0,0,0,4,0,6,0,0,0,10,20
9047   ,0,2,0,0,0,6,0,8,0,0,16
14375   ,0,0,0,0,0,6,0,0,0,10,16
10384   ,1,2,0,4,5,0,0,8,0,0,20
11536   ,0,0,0,0,0,0,0,8,0,0,8
12042   ,0,2,0,0,5,0,0,8,0,0,15
10960   ,1,2,0,0,0,0,0,0,0,0,3
10339   ,0,0,0,4,0,0,0,0,9,10,23
13492   ,0,0,0,0,0,6,7,0,0,0,13
9136   ,0,0,3,4,0,0,0,0,0,10,17
12420   ,0,0,0,4,5,0,0,0,0,10,19
11712   ,1,0,3,0,0,0,0,0,0,0,4
10946   ,0,0,0,0,0,0,0,0,0,0,0
8466   ,1,2,0,0,0,0,0,0,0,10,13
12850   ,1,0,3,0,0,0,7,8,0,0,19
14143   ,0,0,3,4,0,6,0,0,0,0,13
12308   ,0,0,0,0,0,0,0,0,0,0,0
11215   ,1,0,3,0,0,0,0,0,9,0,13
11926   ,0,0,3,0,0,0,0,0,9,0,12
10656   ,0,0,0,0,0,0,0,8,0,0,8
10634   ,0,2,0,0,0,0,0,0,0,0,2
13164   ,0,0,3,0,5,0,7,0,0,0,15
10421   ,0,0,3,0,0,0,0,0,9,0,12
11155   ,0,0,0,4,0,0,0,8,9,0,21
12412   ,0,0,3,0,0,6,7,0,9,0,25
13537   ,1,2,0,0,5,0,0,0,0,0,8
12537   ,0,2,3,0,0,0,0,0,9,0,14
13493   ,0,0,0,0,5,0,0,0,0,0,5
11891   ,1,0,0,0,0,6,7,0,0,0,14
14062   ,1,0,3,0,0,0,0,0,0,0,4
8712   ,0,0,0,0,0,0,0,0,9,0,9
10247   ,0,0,0,0,0,6,7,0,0,0,13
10177   ,0,0,0,4,0,0,0,0,0,0,4
10260   ,0,0,0,4,0,0,0,0,0,0,4
12749   ,0,2,0,0,0,6,0,0,0,10,18
12632   ,0,0,3,0,0,6,7,0,9,0,25
13760   ,0,0,0,0,0,0,7,8,0,0,15
14199   ,1,0,0,0,0,6,0,0,9,0,16
10248   ,0,0,0,0,0,0,0,0,0,10,10
11203   ,0,0,0,0,0,0,0,8,9,10,27
9882   ,0,2,0,0,5,6,0,0,0,0,13
8682   ,0,0,0,0,0,0,0,8,9,0,17
12556   ,0,2,3,4,0,0,0,0,0,0,9
13118   ,0,0,0,0,0,6,0,0,9,0,15
12656   ,0,0,3,0,0,0,0,0,0,0,3
13460   ,1,2,0,0,5,0,0,0,0,0,8
9274   ,0,0,0,4,5,0,0,0,0,0,9
10101   ,1,0,0,0,0,0,0,0,0,0,1
11397   ,0,2,0,0,5,0,0,8,0,0,15
10636   ,0,0,0,0,0,0,0,0,0,0,0
10696   ,0,0,0,4,0,0,0,0,0,0,4
10733   ,0,0,0,0,0,0,7,0,0,0,7
10871   ,0,0,0,0,5,0,0,0,9,10,24
14215   ,0,0,0,0,0,0,0,8,0,0,8
12903   ,0,0,0,0,0,0,0,8,0,0,8
14224   ,0,2,0,0,5,0,0,0,0,0,7
13830   ,0,2,0,0,0,0,0,0,0,0,2
11582   ,0,2,0,0,0,0,0,0,0,0,2
11029   ,0,0,0,0,5,0,0,0,9,0,14
9577   ,0,0,0,0,0,0,7,0,0,10,17
12326   ,0,0,0,0,0,6,0,0,9,0,15
11287   ,0,0,0,0,0,0,7,0,0,0,7
9504   ,0,2,0,0,0,0,0,0,0,0,2
14058   ,0,0,0,4,0,0,0,0,0,0,4
12526   ,0,0,0,0,5,0,0,0,0,0,5
8606   ,0,0,0,0,0,0,0,0,9,10,19
12061   ,1,2,3,0,0,0,7,0,0,0,13
13374   ,0,2,0,4,5,0,0,8,0,0,19
9111   ,0,2,0,4,5,0,0,0,9,0,20
13516   ,0,0,0,4,5,6,7,0,9,0,31
10191   ,0,0,0,0,0,6,0,0,9,0,15
11024   ,1,0,3,0,5,6,0,0,0,0,15
12079   ,0,0,0,0,0,0,0,0,0,0,0
12050   ,0,0,0,0,0,0,0,0,0,10,10
14104   ,0,0,0,4,5,0,0,8,0,0,17
10423   ,1,0,3,0,5,0,0,0,0,0,9
13200   ,0,0,0,0,0,0,0,0,0,0,0
10560   ,1,2,0,4,0,6,0,0,9,0,22
10625   ,0,0,0,4,0,0,0,8,9,10,31
13671   ,0,2,0,0,0,0,7,0,0,10,19
10258   ,0,0,3,0,0,0,0,0,0,10,13
11255   ,0,2,0,4,5,0,0,0,0,0,11
11012   ,1,0,3,0,5,0,0,0,0,0,9
11538   ,0,0,3,0,0,0,0,8,0,0,11
11080   ,0,0,0,0,0,0,0,0,0,0,0
12898   ,1,0,0,0,0,6,7,0,0,10,24
10245   ,0,2,0,0,0,6,0,0,9,0,17
8981   ,0,2,0,0,0,0,7,0,0,0,9
8533   ,0,0,3,0,5,6,0,0,0,0,14
10840   ,0,0,0,4,0,6,0,0,0,10,20
10276   ,0,0,0,0,5,0,7,0,0,10,22
9476   ,1,0,0,0,0,0,0,0,0,0,1
9388   ,0,0,0,0,0,0,0,0,9,0,9
12292   ,0,0,0,0,0,0,0,8,0,10,18
10414   ,0,0,0,0,0,0,7,0,9,0,16
13444   ,0,0,3,0,0,0,0,0,0,10,13
8934   ,0,0,0,0,5,0,0,8,9,0,22
10876   ,1,0,0,4,0,0,0,0,0,0,5
11023   ,0,2,0,0,0,0,7,8,0,0,17
11466   ,1,0,0,0,0,0,0,0,9,0,10
10391   ,0,0,0,0,0,0,7,0,9,10,26
13187   ,0,0,0,0,0,0,0,0,0,10,10
10359   ,0,0,0,0,0,0,0,8,0,0,8
12172   ,1,0,0,0,0,0,0,0,0,0,1
11018   ,0,2,0,0,0,0,0,0,0,0,2
13622   ,0,0,0,0,0,6,0,0,0,0,6
10002   ,1,2,3,0,5,0,0,0,9,10,30
8696   ,0,0,3,4,0,0,0,8,9,0,24
8651   ,1,0,3,0,0,0,0,8,0,10,22
13920   ,0,2,3,4,0,0,7,0,0,0,16
12283   ,0,0,0,0,5,0,0,0,0,10,15
14348   ,0,0,0,0,0,0,7,0,0,0,7
13057   ,0,2,0,0,0,0,0,0,9,0,11
14354   ,1,0,0,4,5,6,0,8,0,0,24
13854   ,0,0,0,4,0,0,0,0,0,0,4
13113   ,0,0,3,0,0,0,0,0,0,10,13
11433   ,1,2,0,0,5,6,0,0,9,10,33
8487   ,0,0,0,4,0,0,0,8,0,0,12
9107   ,1,2,0,0,5,6,0,0,0,0,14
10006   ,0,0,3,4,0,6,0,8,0,0,21
11058   ,1,0,3,0,5,0,7,0,0,0,16
10510   ,0,0,0,0,0,0,0,0,0,0,0
10834   ,0,0,0,0,0,0,0,0,0,0,0
13664   ,0,2,3,0,0,0,7,0,0,0,12
11389   ,0,0,0,0,0,0,0,0,0,0,0
10244   ,0,0,0,4,0,0,0,0,0,0,4
10551   ,0,0,3,0,5,6,7,0,0,0,21
12360   ,0,2,0,4,0,6,0,8,0,10,30
11209   ,0,0,0,4,0,0,0,0,0,0,4
14376   ,1,0,0,0,0,6,7,8,0,0,22
13448   ,1,0,3,4,0,0,7,0,0,0,15
11651   ,0,0,0,0,5,0,7,0,9,0,21
12703   ,0,0,3,0,0,0,7,0,0,10,20
11127   ,1,2,0,4,0,6,0,0,0,0,13
9380   ,0,0,0,4,0,0,7,8,0,0,19
8987   ,1,0,0,4,0,0,0,0,0,10,15
12785   ,0,0,3,4,5,0,0,0,0,0,12
13300   ,0,0,3,4,0,0,0,8,0,10,25
10319   ,0,2,0,0,5,0,0,0,0,0,7
8573   ,0,0,0,4,0,0,0,0,0,0,4
13508   ,1,0,0,4,5,6,0,0,0,10,26
9597   ,0,2,3,0,0,0,0,0,9,0,14
14352   ,1,0,0,0,0,6,0,0,9,0,16
10694   ,0,0,0,4,0,0,7,0,9,10,30
13475   ,0,0,3,0,0,0,0,0,0,10,13
10427   ,0,0,0,0,0,6,0,8,9,0,23
13028   ,0,0,0,0,0,0,0,0,0,10,10
11702   ,0,0,0,0,5,0,0,0,0,10,15
13687   ,0,0,0,0,0,0,7,0,9,10,26
11977   ,0,0,0,4,0,0,0,0,0,0,4
12730   ,0,2,0,0,0,0,0,8,0,0,10
12664   ,0,0,0,0,5,0,0,0,0,10,15
14340   ,1,0,0,0,0,6,0,0,9,0,16
13163   ,1,0,0,0,5,0,0,0,0,0,6
12566   ,0,2,0,0,5,6,0,8,9,10,40
13795   ,1,0,3,4,0,0,0,0,9,0,17
10444   ,0,2,0,0,5,0,7,0,0,0,14
12536   ,1,0,0,0,0,0,7,8,0,0,16
12110   ,1,0,0,4,0,6,0,0,0,10,21
11708   ,0,0,0,4,0,0,0,0,0,0,4
13526   ,0,0,0,0,0,6,0,0,0,0,6
13872   ,0,0,3,4,5,0,0,0,0,0,12
11493   ,1,0,0,0,0,6,0,0,0,0,7
11930   ,1,0,0,4,5,0,7,0,0,10,27
14411   ,0,0,0,0,0,0,0,8,9,10,27
13752   ,0,0,0,0,0,0,0,0,0,0,0
9408   ,0,0,0,0,0,0,0,0,0,10,10
12789   ,1,0,0,0,0,6,0,0,0,0,7
12191   ,0,0,0,0,0,0,0,8,0,0,8
8949   ,0,0,0,4,0,0,0,0,9,0,13
12427   ,0,0,0,4,0,0,7,0,0,0,11
12039   ,0,2,0,0,0,0,0,0,0,0,2
14404   ,0,0,0,0,0,0,0,0,9,0,9
10646   ,0,0,0,0,0,0,0,0,0,0,0
10753   ,1,0,0,0,0,0,7,0,9,0,17
10924   ,0,2,0,4,5,0,0,8,0,0,19
11928   ,0,2,0,0,0,6,0,0,0,0,8
9431   ,1,2,0,0,0,0,7,8,9,0,27
13785   ,0,0,0,0,0,0,0,8,0,0,8
10252   ,1,0,0,0,5,0,0,8,0,10,24
10090   ,0,0,0,4,0,6,0,0,9,10,29
12194   ,1,0,0,0,0,0,0,8,0,0,9
